Year,Month,State,Health Plan Type,Avg Out-of-Pocket,Share above $25,Share above $50,Share above $100,Share above $200
2017,January,AL,non-cdhp,59,0.68,0.40,0.13,0.03
2017,February,AL,non-cdhp,52,0.65,0.38,0.11,0.02
2017,March,AL,non-cdhp,54,0.66,0.39,0.11,0.02
2017,April,AL,non-cdhp,47,0.62,0.29,0.11,0.02
2017,May,AL,non-cdhp,50,0.63,0.31,0.12,0.03
2017,June,AL,non-cdhp,50,0.65,0.30,0.08,0.02
2017,July,AL,non-cdhp,48,0.62,0.29,0.11,0.03
2017,August,AL,non-cdhp,45,0.62,0.30,0.09,0.01
2017,September,AL,non-cdhp,49,0.58,0.31,0.12,0.02
2017,October,AL,non-cdhp,41,0.53,0.27,0.09,0.02
2017,November,AL,non-cdhp,41,0.54,0.29,0.07,0.01
2017,December,AL,non-cdhp,46,0.54,0.30,0.12,0.02
2017,January,AL,All,84,0.67,0.41,0.18,0.07
2017,February,AL,All,79,0.66,0.41,0.16,0.06
2017,March,AL,All,68,0.65,0.41,0.14,0.05
2017,April,AL,All,56,0.62,0.33,0.14,0.04
2017,May,AL,All,59,0.63,0.34,0.15,0.05
2017,June,AL,All,55,0.64,0.33,0.11,0.03
2017,July,AL,All,53,0.62,0.32,0.13,0.04
2017,August,AL,All,56,0.61,0.32,0.12,0.03
2017,September,AL,All,52,0.56,0.32,0.13,0.03
2017,October,AL,All,52,0.54,0.31,0.12,0.04
2017,November,AL,All,48,0.54,0.32,0.10,0.02
2017,December,AL,All,50,0.53,0.31,0.13,0.04
2017,Annual,AL,All,301,0.61,0.34,0.13,0.04
2017,January,All States,non-cdhp,73,0.73,0.46,0.19,0.05
2017,February,All States,non-cdhp,68,0.71,0.43,0.15,0.04
2017,March,All States,non-cdhp,67,0.70,0.43,0.16,0.04
2017,April,All States,non-cdhp,57,0.68,0.35,0.12,0.03
2017,May,All States,non-cdhp,56,0.67,0.35,0.12,0.03
2017,June,All States,non-cdhp,54,0.65,0.34,0.11,0.03
2017,July,All States,non-cdhp,53,0.64,0.33,0.11,0.02
2017,August,All States,non-cdhp,51,0.62,0.32,0.11,0.02
2017,September,All States,non-cdhp,49,0.60,0.30,0.10,0.02
2017,October,All States,non-cdhp,48,0.59,0.30,0.10,0.02
2017,November,All States,non-cdhp,46,0.57,0.29,0.09,0.02
2017,December,All States,non-cdhp,45,0.56,0.28,0.09,0.02
2017,January,All States,cdhp,258,0.70,0.59,0.45,0.35
2017,February,All States,cdhp,230,0.69,0.57,0.43,0.33
2017,March,All States,cdhp,192,0.66,0.54,0.39,0.28
2017,April,All States,cdhp,137,0.61,0.45,0.30,0.20
2017,May,All States,cdhp,122,0.58,0.43,0.28,0.18
2017,June,All States,cdhp,101,0.54,0.40,0.25,0.14
2017,July,All States,cdhp,93,0.52,0.37,0.23,0.13
2017,August,All States,cdhp,82,0.49,0.35,0.21,0.11
2017,September,All States,cdhp,73,0.46,0.32,0.19,0.09
2017,October,All States,cdhp,69,0.44,0.30,0.17,0.09
2017,November,All States,cdhp,64,0.41,0.28,0.16,0.08
2017,December,All States,cdhp,59,0.38,0.26,0.15,0.07
2017,January,All States,All,105,0.72,0.48,0.23,0.10
2017,February,All States,All,98,0.71,0.45,0.21,0.10
2017,March,All States,All,90,0.70,0.45,0.20,0.08
2017,April,All States,All,72,0.67,0.37,0.15,0.06
2017,May,All States,All,69,0.65,0.36,0.15,0.06
2017,June,All States,All,63,0.63,0.35,0.14,0.05
2017,July,All States,All,61,0.62,0.34,0.13,0.05
2017,August,All States,All,57,0.59,0.32,0.13,0.04
2017,September,All States,All,54,0.57,0.31,0.12,0.03
2017,October,All States,All,53,0.56,0.30,0.12,0.03
2017,November,All States,All,50,0.54,0.29,0.11,0.03
2017,December,All States,All,48,0.52,0.28,0.11,0.03
2017,January,AR,non-cdhp,61,0.72,0.45,0.13,0.04
2017,February,AR,non-cdhp,54,0.68,0.42,0.09,0.02
2017,March,AR,non-cdhp,55,0.66,0.40,0.10,0.01
2017,April,AR,non-cdhp,43,0.58,0.24,0.06,0.01
2017,May,AR,non-cdhp,41,0.57,0.24,0.06,0.01
2017,June,AR,non-cdhp,42,0.58,0.22,0.07,0.02
2017,July,AR,non-cdhp,43,0.59,0.22,0.05,0.01
2017,August,AR,non-cdhp,40,0.54,0.22,0.06,0.01
2017,September,AR,non-cdhp,40,0.56,0.22,0.06,0.01
2017,October,AR,non-cdhp,39,0.54,0.24,0.07,0.01
2017,November,AR,non-cdhp,39,0.54,0.22,0.06,0.01
2017,December,AR,non-cdhp,37,0.51,0.20,0.06,0.00
2017,January,AR,All,89,0.71,0.47,0.17,0.08
2017,February,AR,All,78,0.70,0.45,0.14,0.07
2017,March,AR,All,81,0.66,0.43,0.17,0.07
2017,April,AR,All,60,0.59,0.29,0.11,0.05
2017,May,AR,All,62,0.58,0.28,0.11,0.05
2017,June,AR,All,50,0.58,0.26,0.10,0.03
2017,July,AR,All,55,0.59,0.26,0.10,0.03
2017,August,AR,All,52,0.56,0.25,0.10,0.04
2017,September,AR,All,45,0.55,0.24,0.09,0.02
2017,October,AR,All,45,0.54,0.26,0.09,0.02
2017,November,AR,All,43,0.51,0.22,0.08,0.02
2017,December,AR,All,38,0.48,0.21,0.08,0.01
2017,Annual,AR,All,333,0.59,0.30,0.11,0.04
2017,January,AZ,non-cdhp,66,0.72,0.43,0.16,0.05
2017,February,AZ,non-cdhp,62,0.70,0.41,0.14,0.03
2017,March,AZ,non-cdhp,62,0.69,0.41,0.14,0.03
2017,April,AZ,non-cdhp,53,0.65,0.28,0.10,0.03
2017,May,AZ,non-cdhp,54,0.65,0.29,0.10,0.03
2017,June,AZ,non-cdhp,52,0.64,0.29,0.09,0.02
2017,July,AZ,non-cdhp,51,0.63,0.29,0.09,0.03
2017,August,AZ,non-cdhp,48,0.63,0.27,0.09,0.02
2017,September,AZ,non-cdhp,47,0.59,0.26,0.09,0.03
2017,October,AZ,non-cdhp,47,0.58,0.26,0.08,0.02
2017,November,AZ,non-cdhp,46,0.58,0.24,0.08,0.02
2017,December,AZ,non-cdhp,44,0.57,0.26,0.08,0.02
2017,January,AZ,cdhp,249,0.62,0.49,0.40,0.33
2017,February,AZ,cdhp,219,0.63,0.55,0.42,0.34
2017,March,AZ,cdhp,171,0.62,0.52,0.38,0.28
2017,April,AZ,cdhp,147,0.58,0.43,0.31,0.23
2017,May,AZ,cdhp,120,0.55,0.42,0.29,0.18
2017,June,AZ,cdhp,101,0.55,0.39,0.24,0.13
2017,July,AZ,cdhp,87,0.51,0.36,0.23,0.13
2017,August,AZ,cdhp,80,0.49,0.34,0.20,0.11
2017,September,AZ,cdhp,64,0.45,0.29,0.14,0.09
2017,October,AZ,cdhp,76,0.41,0.28,0.19,0.10
2017,November,AZ,cdhp,59,0.41,0.25,0.15,0.08
2017,December,AZ,cdhp,49,0.35,0.23,0.14,0.06
2017,January,AZ,All,96,0.70,0.44,0.20,0.09
2017,February,AZ,All,89,0.69,0.43,0.19,0.08
2017,March,AZ,All,81,0.68,0.43,0.18,0.07
2017,April,AZ,All,69,0.64,0.31,0.13,0.06
2017,May,AZ,All,66,0.64,0.31,0.14,0.05
2017,June,AZ,All,60,0.63,0.31,0.12,0.04
2017,July,AZ,All,57,0.61,0.30,0.11,0.05
2017,August,AZ,All,54,0.60,0.28,0.11,0.04
2017,September,AZ,All,50,0.57,0.26,0.10,0.04
2017,October,AZ,All,52,0.55,0.26,0.10,0.03
2017,November,AZ,All,48,0.55,0.24,0.09,0.03
2017,December,AZ,All,45,0.52,0.25,0.09,0.03
2017,Annual,AZ,All,338,0.61,0.32,0.13,0.05
2017,January,CA,non-cdhp,68,0.71,0.37,0.16,0.06
2017,February,CA,non-cdhp,60,0.71,0.35,0.12,0.04
2017,March,CA,non-cdhp,59,0.71,0.36,0.11,0.03
2017,April,CA,non-cdhp,51,0.68,0.30,0.08,0.02
2017,May,CA,non-cdhp,49,0.67,0.31,0.08,0.01
2017,June,CA,non-cdhp,49,0.66,0.29,0.08,0.02
2017,July,CA,non-cdhp,47,0.64,0.28,0.07,0.02
2017,August,CA,non-cdhp,46,0.63,0.28,0.07,0.02
2017,September,CA,non-cdhp,44,0.61,0.27,0.07,0.01
2017,October,CA,non-cdhp,44,0.60,0.27,0.07,0.01
2017,November,CA,non-cdhp,41,0.57,0.25,0.06,0.01
2017,December,CA,non-cdhp,41,0.55,0.26,0.07,0.02
2017,January,CA,cdhp,229,0.73,0.58,0.41,0.33
2017,February,CA,cdhp,207,0.69,0.54,0.40,0.30
2017,March,CA,cdhp,171,0.67,0.50,0.32,0.23
2017,April,CA,cdhp,132,0.65,0.47,0.27,0.18
2017,May,CA,cdhp,116,0.61,0.44,0.26,0.15
2017,June,CA,cdhp,101,0.58,0.41,0.24,0.14
2017,July,CA,cdhp,85,0.56,0.39,0.20,0.12
2017,August,CA,cdhp,74,0.52,0.35,0.19,0.10
2017,September,CA,cdhp,68,0.47,0.31,0.16,0.08
2017,October,CA,cdhp,60,0.46,0.30,0.15,0.06
2017,November,CA,cdhp,61,0.43,0.29,0.15,0.07
2017,December,CA,cdhp,62,0.40,0.29,0.15,0.07
2017,January,CA,All,89,0.71,0.40,0.19,0.10
2017,February,CA,All,81,0.71,0.38,0.16,0.08
2017,March,CA,All,75,0.70,0.38,0.14,0.06
2017,April,CA,All,62,0.68,0.32,0.11,0.04
2017,May,CA,All,59,0.66,0.32,0.11,0.03
2017,June,CA,All,56,0.65,0.31,0.10,0.04
2017,July,CA,All,53,0.63,0.30,0.09,0.03
2017,August,CA,All,50,0.61,0.29,0.09,0.03
2017,September,CA,All,48,0.59,0.27,0.09,0.02
2017,October,CA,All,47,0.58,0.27,0.08,0.02
2017,November,CA,All,44,0.54,0.25,0.08,0.02
2017,December,CA,All,45,0.53,0.27,0.09,0.02
2017,Annual,CA,All,321,0.63,0.31,0.11,0.04
2017,January,CO,non-cdhp,63,0.67,0.42,0.16,0.04
2017,February,CO,non-cdhp,65,0.65,0.41,0.15,0.04
2017,March,CO,non-cdhp,60,0.65,0.40,0.15,0.04
2017,April,CO,non-cdhp,56,0.65,0.31,0.11,0.04
2017,May,CO,non-cdhp,53,0.63,0.30,0.11,0.03
2017,June,CO,non-cdhp,51,0.61,0.30,0.11,0.03
2017,July,CO,non-cdhp,49,0.60,0.29,0.10,0.02
2017,August,CO,non-cdhp,45,0.58,0.27,0.08,0.02
2017,September,CO,non-cdhp,43,0.56,0.26,0.08,0.03
2017,October,CO,non-cdhp,44,0.56,0.26,0.08,0.02
2017,November,CO,non-cdhp,39,0.53,0.22,0.07,0.01
2017,December,CO,non-cdhp,42,0.51,0.23,0.08,0.03
2017,January,CO,cdhp,298,0.71,0.60,0.48,0.37
2017,February,CO,cdhp,246,0.70,0.58,0.46,0.34
2017,March,CO,cdhp,235,0.67,0.56,0.40,0.31
2017,April,CO,cdhp,145,0.61,0.47,0.30,0.18
2017,May,CO,cdhp,145,0.62,0.47,0.35,0.21
2017,June,CO,cdhp,115,0.58,0.42,0.29,0.17
2017,July,CO,cdhp,115,0.54,0.41,0.30,0.18
2017,August,CO,cdhp,99,0.50,0.38,0.27,0.15
2017,September,CO,cdhp,94,0.50,0.38,0.23,0.13
2017,October,CO,cdhp,87,0.45,0.34,0.21,0.12
2017,November,CO,cdhp,88,0.45,0.34,0.22,0.13
2017,December,CO,cdhp,83,0.44,0.34,0.23,0.13
2017,January,CO,All,104,0.67,0.45,0.22,0.10
2017,February,CO,All,101,0.66,0.44,0.21,0.10
2017,March,CO,All,95,0.65,0.43,0.20,0.09
2017,April,CO,All,75,0.64,0.34,0.15,0.07
2017,May,CO,All,73,0.63,0.33,0.16,0.07
2017,June,CO,All,65,0.60,0.33,0.15,0.06
2017,July,CO,All,63,0.59,0.31,0.14,0.06
2017,August,CO,All,57,0.56,0.29,0.12,0.05
2017,September,CO,All,55,0.55,0.29,0.11,0.05
2017,October,CO,All,54,0.54,0.28,0.11,0.04
2017,November,CO,All,50,0.51,0.25,0.10,0.04
2017,December,CO,All,52,0.49,0.26,0.12,0.05
2017,Annual,CO,All,363,0.59,0.33,0.15,0.06
2017,January,CT,non-cdhp,62,0.65,0.38,0.13,0.05
2017,February,CT,non-cdhp,56,0.62,0.34,0.10,0.02
2017,March,CT,non-cdhp,57,0.59,0.32,0.10,0.04
2017,April,CT,non-cdhp,44,0.50,0.23,0.07,0.03
2017,May,CT,non-cdhp,45,0.49,0.24,0.08,0.02
2017,June,CT,non-cdhp,43,0.50,0.22,0.06,0.02
2017,July,CT,non-cdhp,42,0.49,0.22,0.07,0.02
2017,August,CT,non-cdhp,43,0.47,0.24,0.08,0.02
2017,September,CT,non-cdhp,38,0.45,0.20,0.05,0.01
2017,October,CT,non-cdhp,35,0.44,0.20,0.05,0.01
2017,November,CT,non-cdhp,35,0.43,0.18,0.05,0.01
2017,December,CT,non-cdhp,37,0.40,0.19,0.06,0.02
2017,January,CT,cdhp,191,0.57,0.42,0.34,0.29
2017,February,CT,cdhp,183,0.60,0.44,0.35,0.28
2017,March,CT,cdhp,150,0.59,0.42,0.30,0.23
2017,April,CT,cdhp,108,0.52,0.31,0.22,0.17
2017,May,CT,cdhp,88,0.49,0.30,0.21,0.13
2017,June,CT,cdhp,73,0.42,0.26,0.16,0.11
2017,July,CT,cdhp,83,0.43,0.27,0.16,0.11
2017,August,CT,cdhp,79,0.41,0.27,0.18,0.13
2017,September,CT,cdhp,99,0.43,0.28,0.19,0.13
2017,October,CT,cdhp,64,0.39,0.25,0.14,0.08
2017,November,CT,cdhp,63,0.32,0.19,0.14,0.09
2017,December,CT,cdhp,62,0.34,0.20,0.11,0.08
2017,January,CT,All,108,0.62,0.40,0.20,0.13
2017,February,CT,All,100,0.61,0.38,0.19,0.11
2017,March,CT,All,90,0.59,0.35,0.17,0.10
2017,April,CT,All,67,0.51,0.26,0.13,0.08
2017,May,CT,All,61,0.49,0.26,0.13,0.06
2017,June,CT,All,54,0.47,0.23,0.10,0.05
2017,July,CT,All,56,0.47,0.24,0.10,0.05
2017,August,CT,All,56,0.45,0.25,0.12,0.06
2017,September,CT,All,61,0.44,0.23,0.10,0.05
2017,October,CT,All,46,0.42,0.22,0.08,0.04
2017,November,CT,All,46,0.39,0.19,0.08,0.04
2017,December,CT,All,46,0.38,0.19,0.08,0.04
2017,Annual,CT,All,349,0.49,0.26,0.12,0.07
2017,January,DC,All,102,0.73,0.53,0.29,0.12
2017,February,DC,All,92,0.70,0.47,0.23,0.06
2017,March,DC,All,87,0.66,0.40,0.20,0.09
2017,April,DC,All,63,0.64,0.33,0.13,0.05
2017,May,DC,All,67,0.63,0.37,0.15,0.07
2017,June,DC,All,61,0.59,0.35,0.11,0.04
2017,July,DC,All,68,0.56,0.30,0.13,0.05
2017,August,DC,All,71,0.52,0.27,0.13,0.05
2017,September,DC,All,49,0.56,0.29,0.10,0.02
2017,October,DC,All,44,0.58,0.30,0.06,0.02
2017,November,DC,All,60,0.51,0.31,0.10,0.03
2017,December,DC,All,40,0.51,0.26,0.08,0.01
2017,Annual,DC,All,318,0.60,0.35,0.15,0.05
2017,January,DE,non-cdhp,84,0.86,0.64,0.30,0.03
2017,February,DE,non-cdhp,108,0.81,0.53,0.21,0.09
2017,March,DE,non-cdhp,81,0.76,0.52,0.24,0.05
2017,April,DE,non-cdhp,67,0.77,0.43,0.12,0.05
2017,May,DE,non-cdhp,92,0.83,0.55,0.15,0.06
2017,June,DE,non-cdhp,78,0.76,0.46,0.20,0.05
2017,July,DE,non-cdhp,69,0.77,0.48,0.15,0.04
2017,August,DE,non-cdhp,72,0.75,0.49,0.15,0.06
2017,September,DE,non-cdhp,61,0.71,0.42,0.14,0.03
2017,October,DE,non-cdhp,55,0.68,0.40,0.11,0.03
2017,November,DE,non-cdhp,62,0.68,0.38,0.17,0.05
2017,December,DE,non-cdhp,57,0.67,0.41,0.13,0.03
2017,January,DE,All,111,0.81,0.62,0.32,0.08
2017,February,DE,All,160,0.79,0.56,0.29,0.14
2017,March,DE,All,113,0.75,0.52,0.25,0.10
2017,April,DE,All,101,0.74,0.46,0.18,0.10
2017,May,DE,All,115,0.79,0.55,0.22,0.11
2017,June,DE,All,108,0.70,0.46,0.22,0.09
2017,July,DE,All,93,0.72,0.48,0.21,0.10
2017,August,DE,All,82,0.69,0.47,0.19,0.10
2017,September,DE,All,81,0.66,0.44,0.21,0.08
2017,October,DE,All,66,0.61,0.40,0.16,0.07
2017,November,DE,All,80,0.63,0.39,0.19,0.08
2017,December,DE,All,69,0.65,0.43,0.18,0.06
2017,Annual,DE,All,447,0.71,0.48,0.22,0.09
2017,January,FL,non-cdhp,71,0.74,0.46,0.18,0.06
2017,February,FL,non-cdhp,65,0.72,0.42,0.14,0.04
2017,March,FL,non-cdhp,64,0.72,0.44,0.15,0.03
2017,April,FL,non-cdhp,55,0.71,0.34,0.11,0.02
2017,May,FL,non-cdhp,54,0.71,0.35,0.10,0.02
2017,June,FL,non-cdhp,55,0.68,0.35,0.11,0.03
2017,July,FL,non-cdhp,52,0.67,0.33,0.10,0.02
2017,August,FL,non-cdhp,53,0.66,0.34,0.10,0.02
2017,September,FL,non-cdhp,49,0.64,0.32,0.09,0.02
2017,October,FL,non-cdhp,51,0.64,0.32,0.10,0.02
2017,November,FL,non-cdhp,48,0.62,0.31,0.10,0.02
2017,December,FL,non-cdhp,48,0.61,0.31,0.10,0.02
2017,January,FL,cdhp,220,0.72,0.58,0.39,0.28
2017,February,FL,cdhp,196,0.69,0.54,0.38,0.28
2017,March,FL,cdhp,151,0.67,0.52,0.33,0.21
2017,April,FL,cdhp,118,0.63,0.43,0.27,0.16
2017,May,FL,cdhp,95,0.59,0.41,0.22,0.12
2017,June,FL,cdhp,91,0.58,0.36,0.21,0.12
2017,July,FL,cdhp,81,0.53,0.34,0.19,0.10
2017,August,FL,cdhp,68,0.53,0.35,0.18,0.07
2017,September,FL,cdhp,64,0.47,0.30,0.16,0.08
2017,October,FL,cdhp,56,0.47,0.30,0.15,0.07
2017,November,FL,cdhp,54,0.43,0.28,0.14,0.06
2017,December,FL,cdhp,47,0.41,0.25,0.12,0.05
2017,January,FL,All,91,0.74,0.48,0.20,0.09
2017,February,FL,All,83,0.72,0.44,0.18,0.07
2017,March,FL,All,76,0.71,0.45,0.17,0.06
2017,April,FL,All,64,0.70,0.35,0.13,0.04
2017,May,FL,All,60,0.69,0.36,0.12,0.03
2017,June,FL,All,60,0.67,0.35,0.12,0.04
2017,July,FL,All,56,0.65,0.33,0.11,0.03
2017,August,FL,All,55,0.64,0.34,0.11,0.03
2017,September,FL,All,51,0.61,0.31,0.10,0.03
2017,October,FL,All,52,0.61,0.32,0.11,0.03
2017,November,FL,All,49,0.59,0.31,0.10,0.02
2017,December,FL,All,48,0.58,0.30,0.10,0.02
2017,Annual,FL,All,324,0.66,0.36,0.13,0.04
2017,January,GA,non-cdhp,87,0.81,0.51,0.22,0.07
2017,February,GA,non-cdhp,79,0.80,0.47,0.18,0.06
2017,March,GA,non-cdhp,80,0.79,0.49,0.19,0.05
2017,April,GA,non-cdhp,70,0.77,0.41,0.16,0.05
2017,May,GA,non-cdhp,69,0.76,0.41,0.16,0.04
2017,June,GA,non-cdhp,68,0.76,0.42,0.16,0.04
2017,July,GA,non-cdhp,64,0.74,0.40,0.15,0.03
2017,August,GA,non-cdhp,64,0.72,0.39,0.15,0.03
2017,September,GA,non-cdhp,58,0.70,0.38,0.13,0.03
2017,October,GA,non-cdhp,59,0.69,0.36,0.14,0.03
2017,November,GA,non-cdhp,58,0.67,0.36,0.14,0.03
2017,December,GA,non-cdhp,56,0.66,0.35,0.13,0.03
2017,January,GA,cdhp,173,0.59,0.50,0.35,0.24
2017,February,GA,cdhp,162,0.60,0.51,0.35,0.24
2017,March,GA,cdhp,137,0.54,0.45,0.32,0.19
2017,April,GA,cdhp,108,0.54,0.43,0.27,0.14
2017,May,GA,cdhp,90,0.50,0.39,0.24,0.12
2017,June,GA,cdhp,72,0.45,0.36,0.20,0.09
2017,July,GA,cdhp,71,0.46,0.36,0.20,0.10
2017,August,GA,cdhp,59,0.40,0.30,0.16,0.07
2017,September,GA,cdhp,52,0.42,0.31,0.16,0.06
2017,October,GA,cdhp,60,0.40,0.31,0.18,0.08
2017,November,GA,cdhp,45,0.34,0.26,0.13,0.05
2017,December,GA,cdhp,46,0.33,0.25,0.14,0.06
2017,January,GA,All,105,0.77,0.51,0.25,0.11
2017,February,GA,All,96,0.76,0.48,0.21,0.09
2017,March,GA,All,92,0.74,0.48,0.21,0.08
2017,April,GA,All,78,0.72,0.42,0.19,0.07
2017,May,GA,All,74,0.71,0.40,0.17,0.06
2017,June,GA,All,69,0.70,0.40,0.17,0.05
2017,July,GA,All,66,0.68,0.39,0.16,0.05
2017,August,GA,All,63,0.65,0.37,0.15,0.04
2017,September,GA,All,57,0.64,0.36,0.13,0.03
2017,October,GA,All,59,0.62,0.35,0.15,0.04
2017,November,GA,All,55,0.60,0.34,0.14,0.04
2017,December,GA,All,53,0.58,0.33,0.13,0.04
2017,Annual,GA,All,376,0.68,0.40,0.17,0.06
2017,January,IA,non-cdhp,57,0.53,0.35,0.17,0.03
2017,February,IA,non-cdhp,49,0.50,0.30,0.11,0.02
2017,March,IA,non-cdhp,45,0.51,0.28,0.08,0.02
2017,April,IA,non-cdhp,41,0.47,0.25,0.07,0.02
2017,May,IA,non-cdhp,41,0.48,0.24,0.08,0.02
2017,June,IA,non-cdhp,34,0.45,0.22,0.05,0.01
2017,July,IA,non-cdhp,38,0.47,0.23,0.06,0.02
2017,August,IA,non-cdhp,37,0.45,0.22,0.07,0.01
2017,September,IA,non-cdhp,33,0.42,0.20,0.05,0.01
2017,October,IA,non-cdhp,33,0.40,0.19,0.06,0.01
2017,November,IA,non-cdhp,29,0.39,0.17,0.05,0.00
2017,December,IA,non-cdhp,29,0.40,0.17,0.04,0.00
2017,January,IA,cdhp,447,0.78,0.71,0.66,0.60
2017,February,IA,cdhp,434,0.76,0.73,0.67,0.61
2017,March,IA,cdhp,305,0.67,0.63,0.57,0.50
2017,April,IA,cdhp,179,0.48,0.41,0.35,0.29
2017,May,IA,cdhp,154,0.39,0.32,0.25,0.23
2017,June,IA,cdhp,83,0.30,0.23,0.18,0.11
2017,July,IA,cdhp,72,0.36,0.26,0.18,0.11
2017,August,IA,cdhp,47,0.25,0.19,0.12,0.07
2017,September,IA,cdhp,30,0.20,0.13,0.10,0.04
2017,October,IA,cdhp,33,0.21,0.14,0.09,0.04
2017,November,IA,cdhp,35,0.22,0.14,0.11,0.05
2017,December,IA,cdhp,28,0.20,0.12,0.08,0.03
2017,January,IA,All,124,0.58,0.41,0.25,0.13
2017,February,IA,All,115,0.55,0.38,0.21,0.12
2017,March,IA,All,96,0.54,0.35,0.18,0.11
2017,April,IA,All,67,0.47,0.28,0.13,0.07
2017,May,IA,All,62,0.46,0.25,0.12,0.06
2017,June,IA,All,44,0.42,0.22,0.07,0.03
2017,July,IA,All,45,0.44,0.24,0.09,0.03
2017,August,IA,All,39,0.40,0.21,0.08,0.02
2017,September,IA,All,32,0.37,0.18,0.06,0.01
2017,October,IA,All,33,0.36,0.18,0.07,0.01
2017,November,IA,All,31,0.35,0.16,0.06,0.01
2017,December,IA,All,29,0.35,0.16,0.05,0.01
2017,Annual,IA,All,357,0.44,0.25,0.11,0.05
2017,January,ID,non-cdhp,96,0.78,0.48,0.18,0.07
2017,February,ID,non-cdhp,62,0.68,0.40,0.17,0.04
2017,March,ID,non-cdhp,63,0.71,0.44,0.19,0.04
2017,April,ID,non-cdhp,54,0.65,0.36,0.16,0.04
2017,May,ID,non-cdhp,57,0.65,0.36,0.17,0.04
2017,June,ID,non-cdhp,53,0.69,0.36,0.11,0.03
2017,July,ID,non-cdhp,56,0.66,0.36,0.14,0.05
2017,August,ID,non-cdhp,50,0.65,0.38,0.11,0.02
2017,September,ID,non-cdhp,44,0.60,0.33,0.09,0.02
2017,October,ID,non-cdhp,46,0.57,0.29,0.10,0.04
2017,November,ID,non-cdhp,51,0.64,0.35,0.15,0.02
2017,December,ID,non-cdhp,42,0.58,0.29,0.08,0.02
2017,January,ID,All,100,0.77,0.48,0.21,0.09
2017,February,ID,All,92,0.68,0.44,0.22,0.10
2017,March,ID,All,102,0.72,0.46,0.21,0.09
2017,April,ID,All,76,0.63,0.37,0.18,0.08
2017,May,ID,All,71,0.64,0.40,0.18,0.07
2017,June,ID,All,62,0.67,0.38,0.14,0.05
2017,July,ID,All,64,0.62,0.37,0.15,0.07
2017,August,ID,All,61,0.61,0.38,0.14,0.04
2017,September,ID,All,51,0.57,0.34,0.13,0.05
2017,October,ID,All,45,0.52,0.28,0.11,0.04
2017,November,ID,All,46,0.55,0.32,0.14,0.02
2017,December,ID,All,42,0.51,0.27,0.11,0.03
2017,Annual,ID,All,362,0.62,0.37,0.16,0.06
2017,January,IL,non-cdhp,68,0.74,0.48,0.17,0.03
2017,February,IL,non-cdhp,65,0.73,0.46,0.16,0.03
2017,March,IL,non-cdhp,69,0.73,0.48,0.18,0.04
2017,April,IL,non-cdhp,57,0.68,0.35,0.11,0.02
2017,May,IL,non-cdhp,53,0.67,0.34,0.11,0.02
2017,June,IL,non-cdhp,52,0.65,0.34,0.11,0.02
2017,July,IL,non-cdhp,50,0.64,0.33,0.10,0.02
2017,August,IL,non-cdhp,48,0.61,0.31,0.10,0.01
2017,September,IL,non-cdhp,46,0.59,0.30,0.10,0.01
2017,October,IL,non-cdhp,47,0.60,0.31,0.09,0.02
2017,November,IL,non-cdhp,42,0.56,0.28,0.08,0.01
2017,December,IL,non-cdhp,43,0.55,0.29,0.09,0.01
2017,January,IL,cdhp,319,0.74,0.63,0.52,0.44
2017,February,IL,cdhp,279,0.72,0.63,0.51,0.41
2017,March,IL,cdhp,207,0.67,0.56,0.41,0.31
2017,April,IL,cdhp,145,0.61,0.46,0.33,0.24
2017,May,IL,cdhp,137,0.57,0.43,0.28,0.20
2017,June,IL,cdhp,95,0.50,0.36,0.24,0.15
2017,July,IL,cdhp,88,0.48,0.35,0.22,0.12
2017,August,IL,cdhp,81,0.46,0.32,0.19,0.11
2017,September,IL,cdhp,62,0.42,0.29,0.17,0.08
2017,October,IL,cdhp,62,0.38,0.26,0.15,0.08
2017,November,IL,cdhp,61,0.38,0.26,0.16,0.09
2017,December,IL,cdhp,47,0.36,0.23,0.13,0.06
2017,January,IL,All,104,0.74,0.50,0.22,0.09
2017,February,IL,All,97,0.73,0.49,0.21,0.08
2017,March,IL,All,90,0.72,0.49,0.21,0.08
2017,April,IL,All,70,0.67,0.37,0.15,0.05
2017,May,IL,All,68,0.65,0.36,0.14,0.05
2017,June,IL,All,59,0.63,0.34,0.13,0.04
2017,July,IL,All,56,0.62,0.33,0.12,0.03
2017,August,IL,All,54,0.58,0.32,0.12,0.03
2017,September,IL,All,49,0.56,0.30,0.11,0.03
2017,October,IL,All,50,0.56,0.30,0.10,0.03
2017,November,IL,All,46,0.53,0.28,0.09,0.03
2017,December,IL,All,44,0.52,0.28,0.10,0.02
2017,Annual,IL,All,350,0.62,0.36,0.14,0.05
2017,January,IN,non-cdhp,71,0.68,0.45,0.18,0.06
2017,February,IN,non-cdhp,67,0.68,0.45,0.16,0.04
2017,March,IN,non-cdhp,68,0.69,0.45,0.16,0.04
2017,April,IN,non-cdhp,52,0.61,0.29,0.11,0.03
2017,May,IN,non-cdhp,51,0.61,0.29,0.09,0.02
2017,June,IN,non-cdhp,52,0.59,0.29,0.09,0.03
2017,July,IN,non-cdhp,49,0.59,0.29,0.09,0.02
2017,August,IN,non-cdhp,48,0.55,0.28,0.09,0.03
2017,September,IN,non-cdhp,48,0.55,0.27,0.09,0.02
2017,October,IN,non-cdhp,43,0.52,0.25,0.09,0.02
2017,November,IN,non-cdhp,43,0.52,0.26,0.08,0.02
2017,December,IN,non-cdhp,40,0.50,0.25,0.09,0.02
2017,January,IN,cdhp,270,0.70,0.61,0.48,0.36
2017,February,IN,cdhp,220,0.70,0.59,0.44,0.34
2017,March,IN,cdhp,196,0.65,0.54,0.41,0.29
2017,April,IN,cdhp,130,0.60,0.43,0.28,0.20
2017,May,IN,cdhp,133,0.60,0.44,0.31,0.20
2017,June,IN,cdhp,108,0.56,0.41,0.25,0.16
2017,July,IN,cdhp,101,0.55,0.38,0.24,0.14
2017,August,IN,cdhp,74,0.49,0.35,0.19,0.10
2017,September,IN,cdhp,77,0.46,0.31,0.18,0.09
2017,October,IN,cdhp,62,0.42,0.28,0.16,0.07
2017,November,IN,cdhp,52,0.38,0.26,0.15,0.06
2017,December,IN,cdhp,62,0.38,0.25,0.14,0.06
2017,January,IN,All,108,0.69,0.48,0.23,0.11
2017,February,IN,All,97,0.68,0.48,0.22,0.10
2017,March,IN,All,94,0.68,0.47,0.21,0.09
2017,April,IN,All,67,0.61,0.32,0.14,0.06
2017,May,IN,All,67,0.61,0.32,0.14,0.06
2017,June,IN,All,65,0.58,0.32,0.12,0.06
2017,July,IN,All,60,0.58,0.31,0.12,0.04
2017,August,IN,All,53,0.54,0.29,0.11,0.04
2017,September,IN,All,54,0.53,0.28,0.11,0.04
2017,October,IN,All,47,0.50,0.26,0.10,0.03
2017,November,IN,All,45,0.49,0.26,0.10,0.03
2017,December,IN,All,45,0.47,0.25,0.10,0.03
2017,Annual,IN,All,360,0.58,0.33,0.14,0.06
2017,January,KS,non-cdhp,111,0.81,0.56,0.28,0.10
2017,February,KS,non-cdhp,101,0.78,0.52,0.24,0.09
2017,March,KS,non-cdhp,94,0.79,0.51,0.22,0.07
2017,April,KS,non-cdhp,80,0.75,0.47,0.20,0.06
2017,May,KS,non-cdhp,74,0.74,0.45,0.16,0.05
2017,June,KS,non-cdhp,72,0.73,0.47,0.18,0.05
2017,July,KS,non-cdhp,68,0.72,0.44,0.17,0.05
2017,August,KS,non-cdhp,63,0.69,0.41,0.15,0.04
2017,September,KS,non-cdhp,64,0.68,0.43,0.17,0.04
2017,October,KS,non-cdhp,63,0.67,0.39,0.16,0.04
2017,November,KS,non-cdhp,58,0.66,0.38,0.14,0.03
2017,December,KS,non-cdhp,61,0.64,0.40,0.16,0.04
2017,January,KS,cdhp,292,0.64,0.58,0.54,0.42
2017,February,KS,cdhp,222,0.66,0.53,0.43,0.35
2017,March,KS,cdhp,242,0.62,0.52,0.41,0.29
2017,April,KS,cdhp,171,0.62,0.47,0.37,0.31
2017,May,KS,cdhp,148,0.57,0.45,0.35,0.27
2017,June,KS,cdhp,128,0.50,0.40,0.28,0.19
2017,July,KS,cdhp,114,0.51,0.39,0.27,0.20
2017,August,KS,cdhp,93,0.49,0.34,0.22,0.13
2017,September,KS,cdhp,74,0.46,0.33,0.23,0.10
2017,October,KS,cdhp,76,0.46,0.33,0.19,0.12
2017,November,KS,cdhp,65,0.41,0.29,0.15,0.08
2017,December,KS,cdhp,67,0.39,0.28,0.19,0.12
2017,January,KS,All,132,0.79,0.56,0.31,0.14
2017,February,KS,All,117,0.76,0.52,0.26,0.13
2017,March,KS,All,115,0.77,0.51,0.25,0.10
2017,April,KS,All,92,0.74,0.47,0.23,0.09
2017,May,KS,All,83,0.72,0.45,0.19,0.08
2017,June,KS,All,81,0.69,0.46,0.20,0.07
2017,July,KS,All,75,0.69,0.43,0.19,0.07
2017,August,KS,All,67,0.66,0.40,0.16,0.05
2017,September,KS,All,65,0.65,0.41,0.18,0.05
2017,October,KS,All,65,0.64,0.38,0.17,0.05
2017,November,KS,All,59,0.62,0.37,0.14,0.04
2017,December,KS,All,62,0.60,0.38,0.17,0.05
2017,Annual,KS,All,456,0.69,0.44,0.20,0.08
2017,January,KY,non-cdhp,77,0.74,0.45,0.17,0.06
2017,February,KY,non-cdhp,79,0.74,0.43,0.15,0.06
2017,March,KY,non-cdhp,74,0.75,0.44,0.17,0.06
2017,April,KY,non-cdhp,61,0.70,0.34,0.13,0.04
2017,May,KY,non-cdhp,64,0.68,0.35,0.14,0.04
2017,June,KY,non-cdhp,61,0.67,0.35,0.14,0.04
2017,July,KY,non-cdhp,60,0.69,0.37,0.14,0.04
2017,August,KY,non-cdhp,60,0.67,0.34,0.14,0.04
2017,September,KY,non-cdhp,53,0.66,0.34,0.12,0.02
2017,October,KY,non-cdhp,50,0.63,0.31,0.11,0.02
2017,November,KY,non-cdhp,49,0.64,0.32,0.11,0.03
2017,December,KY,non-cdhp,47,0.59,0.29,0.12,0.02
2017,January,KY,cdhp,299,0.71,0.61,0.49,0.41
2017,February,KY,cdhp,237,0.73,0.57,0.44,0.32
2017,March,KY,cdhp,182,0.66,0.53,0.37,0.28
2017,April,KY,cdhp,131,0.63,0.48,0.32,0.20
2017,May,KY,cdhp,118,0.59,0.42,0.30,0.18
2017,June,KY,cdhp,113,0.56,0.43,0.29,0.14
2017,July,KY,cdhp,99,0.57,0.41,0.27,0.13
2017,August,KY,cdhp,77,0.50,0.37,0.22,0.09
2017,September,KY,cdhp,66,0.46,0.34,0.20,0.09
2017,October,KY,cdhp,73,0.41,0.27,0.16,0.08
2017,November,KY,cdhp,68,0.38,0.27,0.15,0.07
2017,December,KY,cdhp,47,0.34,0.25,0.11,0.06
2017,January,KY,All,99,0.74,0.47,0.20,0.10
2017,February,KY,All,96,0.74,0.44,0.18,0.09
2017,March,KY,All,86,0.74,0.45,0.19,0.08
2017,April,KY,All,69,0.69,0.36,0.15,0.06
2017,May,KY,All,70,0.67,0.35,0.16,0.06
2017,June,KY,All,66,0.66,0.36,0.15,0.05
2017,July,KY,All,64,0.68,0.37,0.16,0.05
2017,August,KY,All,62,0.65,0.34,0.14,0.05
2017,September,KY,All,55,0.64,0.34,0.13,0.03
2017,October,KY,All,53,0.60,0.31,0.12,0.03
2017,November,KY,All,51,0.61,0.31,0.11,0.03
2017,December,KY,All,47,0.56,0.29,0.12,0.03
2017,Annual,KY,All,372,0.66,0.36,0.15,0.05
2017,January,LA,non-cdhp,77,0.81,0.50,0.21,0.06
2017,February,LA,non-cdhp,75,0.78,0.44,0.16,0.05
2017,March,LA,non-cdhp,67,0.77,0.45,0.16,0.04
2017,April,LA,non-cdhp,62,0.75,0.40,0.13,0.03
2017,May,LA,non-cdhp,61,0.74,0.38,0.13,0.03
2017,June,LA,non-cdhp,56,0.71,0.36,0.12,0.03
2017,July,LA,non-cdhp,55,0.70,0.35,0.11,0.03
2017,August,LA,non-cdhp,55,0.68,0.34,0.12,0.03
2017,September,LA,non-cdhp,51,0.66,0.32,0.10,0.02
2017,October,LA,non-cdhp,51,0.65,0.31,0.11,0.02
2017,November,LA,non-cdhp,48,0.60,0.31,0.10,0.02
2017,December,LA,non-cdhp,42,0.58,0.27,0.08,0.01
2017,January,LA,cdhp,254,0.74,0.66,0.49,0.35
2017,February,LA,cdhp,205,0.69,0.63,0.46,0.28
2017,March,LA,cdhp,184,0.67,0.56,0.42,0.27
2017,April,LA,cdhp,147,0.63,0.50,0.37,0.20
2017,May,LA,cdhp,110,0.59,0.48,0.34,0.19
2017,June,LA,cdhp,88,0.57,0.43,0.31,0.14
2017,July,LA,cdhp,89,0.54,0.43,0.28,0.11
2017,August,LA,cdhp,82,0.48,0.36,0.25,0.12
2017,September,LA,cdhp,73,0.46,0.33,0.21,0.10
2017,October,LA,cdhp,56,0.38,0.29,0.17,0.08
2017,November,LA,cdhp,56,0.32,0.24,0.16,0.07
2017,December,LA,cdhp,45,0.31,0.21,0.13,0.05
2017,January,LA,All,98,0.80,0.52,0.24,0.10
2017,February,LA,All,92,0.77,0.47,0.20,0.09
2017,March,LA,All,84,0.76,0.47,0.19,0.07
2017,April,LA,All,73,0.73,0.41,0.16,0.05
2017,May,LA,All,68,0.72,0.39,0.16,0.06
2017,June,LA,All,60,0.69,0.37,0.14,0.04
2017,July,LA,All,60,0.68,0.36,0.14,0.04
2017,August,LA,All,59,0.65,0.35,0.14,0.04
2017,September,LA,All,54,0.63,0.32,0.12,0.03
2017,October,LA,All,51,0.61,0.31,0.12,0.03
2017,November,LA,All,49,0.56,0.30,0.11,0.03
2017,December,LA,All,42,0.54,0.26,0.08,0.02
2017,Annual,LA,All,363,0.68,0.38,0.15,0.05
2017,January,MA,non-cdhp,80,0.74,0.48,0.21,0.06
2017,February,MA,non-cdhp,67,0.72,0.43,0.18,0.03
2017,March,MA,non-cdhp,62,0.71,0.45,0.18,0.03
2017,April,MA,non-cdhp,54,0.65,0.36,0.14,0.02
2017,May,MA,non-cdhp,51,0.63,0.36,0.12,0.02
2017,June,MA,non-cdhp,51,0.61,0.32,0.13,0.02
2017,July,MA,non-cdhp,49,0.61,0.32,0.10,0.03
2017,August,MA,non-cdhp,44,0.56,0.30,0.10,0.01
2017,September,MA,non-cdhp,46,0.57,0.30,0.12,0.02
2017,October,MA,non-cdhp,45,0.55,0.32,0.09,0.01
2017,November,MA,non-cdhp,43,0.53,0.29,0.10,0.02
2017,December,MA,non-cdhp,41,0.54,0.28,0.08,0.02
2017,January,MA,cdhp,252,0.69,0.56,0.42,0.32
2017,February,MA,cdhp,175,0.66,0.49,0.36,0.24
2017,March,MA,cdhp,194,0.67,0.56,0.35,0.26
2017,April,MA,cdhp,101,0.64,0.43,0.20,0.14
2017,May,MA,cdhp,98,0.56,0.39,0.24,0.14
2017,June,MA,cdhp,79,0.54,0.39,0.21,0.11
2017,July,MA,cdhp,74,0.50,0.33,0.19,0.09
2017,August,MA,cdhp,79,0.49,0.36,0.21,0.10
2017,September,MA,cdhp,66,0.47,0.30,0.16,0.06
2017,October,MA,cdhp,62,0.39,0.26,0.14,0.07
2017,November,MA,cdhp,65,0.43,0.28,0.18,0.09
2017,December,MA,cdhp,62,0.44,0.26,0.16,0.07
2017,January,MA,All,126,0.73,0.50,0.27,0.13
2017,February,MA,All,99,0.70,0.45,0.23,0.09
2017,March,MA,All,102,0.70,0.48,0.23,0.10
2017,April,MA,All,68,0.65,0.38,0.16,0.05
2017,May,MA,All,66,0.61,0.37,0.16,0.06
2017,June,MA,All,59,0.59,0.34,0.15,0.05
2017,July,MA,All,56,0.58,0.32,0.13,0.04
2017,August,MA,All,55,0.54,0.32,0.14,0.04
2017,September,MA,All,53,0.54,0.30,0.13,0.03
2017,October,MA,All,50,0.50,0.30,0.10,0.03
2017,November,MA,All,50,0.49,0.28,0.13,0.04
2017,December,MA,All,48,0.51,0.27,0.10,0.03
2017,Annual,MA,All,374,0.59,0.36,0.16,0.06
2017,January,MD,non-cdhp,69,0.68,0.44,0.20,0.04
2017,February,MD,non-cdhp,68,0.66,0.42,0.20,0.05
2017,March,MD,non-cdhp,70,0.67,0.45,0.20,0.04
2017,April,MD,non-cdhp,58,0.65,0.39,0.13,0.03
2017,May,MD,non-cdhp,57,0.65,0.36,0.14,0.03
2017,June,MD,non-cdhp,58,0.67,0.37,0.14,0.02
2017,July,MD,non-cdhp,56,0.61,0.35,0.14,0.02
2017,August,MD,non-cdhp,60,0.64,0.38,0.15,0.03
2017,September,MD,non-cdhp,57,0.61,0.35,0.12,0.03
2017,October,MD,non-cdhp,57,0.60,0.35,0.13,0.03
2017,November,MD,non-cdhp,53,0.59,0.32,0.11,0.02
2017,December,MD,non-cdhp,50,0.58,0.34,0.11,0.02
2017,January,MD,cdhp,290,0.76,0.67,0.51,0.39
2017,February,MD,cdhp,261,0.70,0.61,0.46,0.35
2017,March,MD,cdhp,227,0.69,0.59,0.45,0.30
2017,April,MD,cdhp,159,0.63,0.47,0.29,0.20
2017,May,MD,cdhp,161,0.67,0.51,0.33,0.19
2017,June,MD,cdhp,145,0.65,0.52,0.31,0.16
2017,July,MD,cdhp,155,0.63,0.47,0.30,0.21
2017,August,MD,cdhp,155,0.61,0.49,0.31,0.20
2017,September,MD,cdhp,150,0.59,0.46,0.29,0.21
2017,October,MD,cdhp,139,0.58,0.44,0.29,0.20
2017,November,MD,cdhp,153,0.56,0.43,0.28,0.19
2017,December,MD,cdhp,152,0.57,0.43,0.29,0.21
2017,January,MD,All,130,0.70,0.50,0.29,0.13
2017,February,MD,All,129,0.68,0.48,0.28,0.14
2017,March,MD,All,115,0.67,0.49,0.27,0.12
2017,April,MD,All,87,0.64,0.41,0.17,0.08
2017,May,MD,All,89,0.65,0.41,0.20,0.08
2017,June,MD,All,84,0.66,0.41,0.19,0.07
2017,July,MD,All,86,0.62,0.39,0.19,0.08
2017,August,MD,All,90,0.63,0.41,0.20,0.09
2017,September,MD,All,85,0.61,0.38,0.17,0.08
2017,October,MD,All,84,0.60,0.38,0.18,0.08
2017,November,MD,All,85,0.58,0.35,0.17,0.07
2017,December,MD,All,80,0.58,0.36,0.17,0.08
2017,Annual,MD,All,451,0.63,0.41,0.20,0.09
2017,January,ME,non-cdhp,68,0.80,0.53,0.17,0.02
2017,February,ME,non-cdhp,62,0.77,0.46,0.12,0.02
2017,March,ME,non-cdhp,69,0.77,0.48,0.13,0.03
2017,April,ME,non-cdhp,65,0.72,0.47,0.13,0.03
2017,May,ME,non-cdhp,68,0.78,0.45,0.15,0.03
2017,June,ME,non-cdhp,59,0.72,0.41,0.10,0.02
2017,July,ME,non-cdhp,62,0.74,0.43,0.14,0.02
2017,August,ME,non-cdhp,61,0.73,0.44,0.11,0.02
2017,September,ME,non-cdhp,52,0.71,0.36,0.08,0.01
2017,October,ME,non-cdhp,50,0.66,0.37,0.08,0.02
2017,November,ME,non-cdhp,55,0.68,0.40,0.11,0.03
2017,December,ME,non-cdhp,46,0.64,0.38,0.08,0.01
2017,January,ME,cdhp,98,0.52,0.37,0.22,0.13
2017,February,ME,cdhp,82,0.47,0.28,0.15,0.10
2017,March,ME,cdhp,106,0.48,0.33,0.18,0.13
2017,April,ME,cdhp,64,0.52,0.35,0.13,0.06
2017,May,ME,cdhp,66,0.48,0.34,0.13,0.07
2017,June,ME,cdhp,61,0.46,0.30,0.14,0.07
2017,July,ME,cdhp,57,0.46,0.31,0.11,0.05
2017,August,ME,cdhp,50,0.43,0.26,0.11,0.05
2017,September,ME,cdhp,51,0.38,0.24,0.09,0.05
2017,October,ME,cdhp,48,0.40,0.24,0.11,0.05
2017,November,ME,cdhp,47,0.33,0.20,0.09,0.06
2017,December,ME,cdhp,59,0.37,0.28,0.11,0.07
2017,January,ME,All,81,0.69,0.46,0.19,0.06
2017,February,ME,All,69,0.66,0.39,0.14,0.05
2017,March,ME,All,84,0.66,0.42,0.15,0.07
2017,April,ME,All,65,0.64,0.42,0.13,0.05
2017,May,ME,All,67,0.66,0.41,0.14,0.05
2017,June,ME,All,60,0.61,0.37,0.11,0.04
2017,July,ME,All,60,0.61,0.38,0.13,0.04
2017,August,ME,All,56,0.61,0.37,0.11,0.03
2017,September,ME,All,52,0.58,0.31,0.08,0.03
2017,October,ME,All,49,0.55,0.32,0.09,0.03
2017,November,ME,All,52,0.54,0.32,0.10,0.04
2017,December,ME,All,52,0.53,0.33,0.09,0.03
2017,Annual,ME,All,332,0.61,0.37,0.12,0.04
2017,January,MI,non-cdhp,82,0.78,0.54,0.23,0.07
2017,February,MI,non-cdhp,89,0.76,0.52,0.22,0.07
2017,March,MI,non-cdhp,76,0.73,0.51,0.20,0.07
2017,April,MI,non-cdhp,57,0.68,0.34,0.13,0.03
2017,May,MI,non-cdhp,63,0.69,0.36,0.15,0.05
2017,June,MI,non-cdhp,58,0.63,0.34,0.14,0.04
2017,July,MI,non-cdhp,55,0.63,0.33,0.11,0.04
2017,August,MI,non-cdhp,54,0.62,0.33,0.14,0.04
2017,September,MI,non-cdhp,54,0.60,0.32,0.13,0.04
2017,October,MI,non-cdhp,51,0.58,0.29,0.12,0.04
2017,November,MI,non-cdhp,45,0.55,0.29,0.10,0.02
2017,December,MI,non-cdhp,44,0.52,0.26,0.10,0.02
2017,January,MI,cdhp,221,0.76,0.67,0.49,0.37
2017,February,MI,cdhp,228,0.72,0.63,0.51,0.37
2017,March,MI,cdhp,184,0.73,0.60,0.42,0.28
2017,April,MI,cdhp,125,0.64,0.51,0.35,0.21
2017,May,MI,cdhp,124,0.65,0.52,0.37,0.20
2017,June,MI,cdhp,100,0.61,0.45,0.31,0.16
2017,July,MI,cdhp,94,0.58,0.46,0.26,0.15
2017,August,MI,cdhp,95,0.58,0.44,0.25,0.14
2017,September,MI,cdhp,69,0.52,0.38,0.21,0.08
2017,October,MI,cdhp,70,0.48,0.36,0.20,0.10
2017,November,MI,cdhp,58,0.45,0.34,0.18,0.06
2017,December,MI,cdhp,62,0.42,0.30,0.17,0.09
2017,January,MI,All,115,0.78,0.57,0.29,0.14
2017,February,MI,All,123,0.75,0.55,0.29,0.14
2017,March,MI,All,106,0.73,0.53,0.26,0.13
2017,April,MI,All,75,0.67,0.39,0.19,0.08
2017,May,MI,All,80,0.68,0.40,0.21,0.09
2017,June,MI,All,70,0.63,0.37,0.19,0.07
2017,July,MI,All,66,0.62,0.36,0.15,0.07
2017,August,MI,All,66,0.61,0.36,0.17,0.07
2017,September,MI,All,58,0.58,0.33,0.15,0.05
2017,October,MI,All,56,0.55,0.31,0.15,0.06
2017,November,MI,All,49,0.52,0.30,0.12,0.03
2017,December,MI,All,49,0.50,0.27,0.12,0.04
2017,Annual,MI,All,391,0.63,0.39,0.19,0.08
2017,January,MN,non-cdhp,81,0.68,0.46,0.24,0.07
2017,February,MN,non-cdhp,71,0.63,0.38,0.19,0.05
2017,March,MN,non-cdhp,62,0.60,0.37,0.16,0.04
2017,April,MN,non-cdhp,54,0.57,0.32,0.15,0.02
2017,May,MN,non-cdhp,52,0.55,0.33,0.15,0.02
2017,June,MN,non-cdhp,52,0.53,0.32,0.14,0.03
2017,July,MN,non-cdhp,50,0.52,0.31,0.14,0.02
2017,August,MN,non-cdhp,48,0.50,0.30,0.13,0.02
2017,September,MN,non-cdhp,45,0.48,0.29,0.13,0.02
2017,October,MN,non-cdhp,44,0.46,0.27,0.12,0.02
2017,November,MN,non-cdhp,44,0.46,0.28,0.12,0.02
2017,December,MN,non-cdhp,36,0.41,0.24,0.09,0.01
2017,January,MN,cdhp,189,0.61,0.53,0.36,0.25
2017,February,MN,cdhp,201,0.62,0.52,0.40,0.27
2017,March,MN,cdhp,138,0.59,0.50,0.32,0.20
2017,April,MN,cdhp,123,0.52,0.43,0.26,0.17
2017,May,MN,cdhp,92,0.49,0.36,0.24,0.11
2017,June,MN,cdhp,86,0.47,0.35,0.24,0.11
2017,July,MN,cdhp,79,0.47,0.37,0.22,0.10
2017,August,MN,cdhp,61,0.37,0.27,0.18,0.07
2017,September,MN,cdhp,59,0.38,0.29,0.17,0.07
2017,October,MN,cdhp,62,0.41,0.31,0.17,0.07
2017,November,MN,cdhp,48,0.30,0.20,0.13,0.05
2017,December,MN,cdhp,36,0.28,0.20,0.11,0.04
2017,January,MN,All,98,0.67,0.47,0.26,0.09
2017,February,MN,All,95,0.63,0.41,0.23,0.09
2017,March,MN,All,76,0.60,0.39,0.19,0.07
2017,April,MN,All,65,0.56,0.34,0.17,0.05
2017,May,MN,All,59,0.54,0.33,0.16,0.04
2017,June,MN,All,57,0.52,0.33,0.16,0.04
2017,July,MN,All,54,0.52,0.32,0.15,0.04
2017,August,MN,All,50,0.48,0.30,0.14,0.03
2017,September,MN,All,48,0.46,0.29,0.13,0.03
2017,October,MN,All,47,0.45,0.28,0.13,0.03
2017,November,MN,All,45,0.43,0.26,0.12,0.03
2017,December,MN,All,36,0.39,0.23,0.10,0.02
2017,Annual,MN,All,324,0.52,0.33,0.16,0.04
2017,January,MO,non-cdhp,73,0.73,0.46,0.18,0.04
2017,February,MO,non-cdhp,68,0.73,0.46,0.16,0.04
2017,March,MO,non-cdhp,69,0.71,0.46,0.17,0.04
2017,April,MO,non-cdhp,55,0.69,0.31,0.11,0.02
2017,May,MO,non-cdhp,54,0.67,0.33,0.11,0.02
2017,June,MO,non-cdhp,55,0.65,0.33,0.11,0.02
2017,July,MO,non-cdhp,50,0.62,0.30,0.10,0.02
2017,August,MO,non-cdhp,47,0.61,0.30,0.09,0.01
2017,September,MO,non-cdhp,46,0.59,0.28,0.09,0.02
2017,October,MO,non-cdhp,47,0.58,0.30,0.10,0.02
2017,November,MO,non-cdhp,46,0.58,0.28,0.10,0.02
2017,December,MO,non-cdhp,45,0.57,0.29,0.08,0.02
2017,January,MO,cdhp,278,0.66,0.58,0.44,0.37
2017,February,MO,cdhp,225,0.64,0.55,0.41,0.31
2017,March,MO,cdhp,221,0.63,0.56,0.42,0.32
2017,April,MO,cdhp,144,0.57,0.43,0.31,0.23
2017,May,MO,cdhp,121,0.52,0.38,0.24,0.18
2017,June,MO,cdhp,95,0.47,0.36,0.24,0.14
2017,July,MO,cdhp,90,0.46,0.33,0.20,0.13
2017,August,MO,cdhp,82,0.44,0.31,0.19,0.11
2017,September,MO,cdhp,55,0.38,0.25,0.15,0.08
2017,October,MO,cdhp,74,0.39,0.27,0.17,0.10
2017,November,MO,cdhp,60,0.36,0.23,0.16,0.08
2017,December,MO,cdhp,50,0.34,0.23,0.12,0.06
2017,January,MO,All,102,0.72,0.48,0.22,0.09
2017,February,MO,All,89,0.72,0.47,0.19,0.08
2017,March,MO,All,92,0.70,0.47,0.21,0.08
2017,April,MO,All,69,0.67,0.33,0.14,0.05
2017,May,MO,All,64,0.65,0.33,0.13,0.05
2017,June,MO,All,61,0.62,0.33,0.13,0.04
2017,July,MO,All,57,0.59,0.31,0.12,0.04
2017,August,MO,All,53,0.58,0.30,0.11,0.03
2017,September,MO,All,47,0.55,0.27,0.10,0.03
2017,October,MO,All,52,0.55,0.29,0.11,0.03
2017,November,MO,All,49,0.54,0.27,0.11,0.03
2017,December,MO,All,46,0.53,0.28,0.09,0.02
2017,Annual,MO,All,351,0.62,0.35,0.14,0.05
2017,January,MS,non-cdhp,64,0.67,0.38,0.14,0.05
2017,February,MS,non-cdhp,54,0.65,0.36,0.10,0.03
2017,March,MS,non-cdhp,53,0.62,0.38,0.11,0.02
2017,April,MS,non-cdhp,48,0.68,0.28,0.08,0.02
2017,May,MS,non-cdhp,44,0.61,0.27,0.08,0.01
2017,June,MS,non-cdhp,41,0.60,0.25,0.06,0.01
2017,July,MS,non-cdhp,42,0.59,0.27,0.06,0.01
2017,August,MS,non-cdhp,40,0.58,0.26,0.06,0.01
2017,September,MS,non-cdhp,39,0.53,0.24,0.07,0.01
2017,October,MS,non-cdhp,39,0.54,0.24,0.05,0.01
2017,November,MS,non-cdhp,37,0.50,0.21,0.06,0.01
2017,December,MS,non-cdhp,36,0.49,0.22,0.06,0.01
2017,January,MS,All,71,0.67,0.40,0.17,0.07
2017,February,MS,All,68,0.65,0.38,0.13,0.05
2017,March,MS,All,68,0.62,0.40,0.15,0.05
2017,April,MS,All,57,0.67,0.31,0.11,0.04
2017,May,MS,All,52,0.61,0.29,0.11,0.03
2017,June,MS,All,46,0.58,0.26,0.08,0.02
2017,July,MS,All,48,0.57,0.28,0.09,0.02
2017,August,MS,All,42,0.57,0.26,0.08,0.01
2017,September,MS,All,42,0.52,0.25,0.09,0.02
2017,October,MS,All,42,0.53,0.25,0.07,0.02
2017,November,MS,All,37,0.48,0.21,0.07,0.01
2017,December,MS,All,35,0.46,0.22,0.07,0.01
2017,Annual,MS,All,276,0.57,0.29,0.10,0.03
2017,January,NC,non-cdhp,67,0.67,0.47,0.17,0.04
2017,February,NC,non-cdhp,59,0.67,0.43,0.13,0.03
2017,March,NC,non-cdhp,59,0.63,0.42,0.14,0.03
2017,April,NC,non-cdhp,51,0.63,0.32,0.09,0.02
2017,May,NC,non-cdhp,53,0.64,0.32,0.10,0.03
2017,June,NC,non-cdhp,51,0.63,0.33,0.10,0.02
2017,July,NC,non-cdhp,50,0.61,0.30,0.10,0.03
2017,August,NC,non-cdhp,50,0.61,0.30,0.10,0.02
2017,September,NC,non-cdhp,46,0.59,0.29,0.08,0.02
2017,October,NC,non-cdhp,50,0.59,0.30,0.10,0.02
2017,November,NC,non-cdhp,44,0.57,0.28,0.08,0.02
2017,December,NC,non-cdhp,44,0.56,0.28,0.08,0.02
2017,January,NC,cdhp,258,0.66,0.56,0.44,0.37
2017,February,NC,cdhp,223,0.68,0.58,0.44,0.34
2017,March,NC,cdhp,197,0.65,0.55,0.40,0.27
2017,April,NC,cdhp,117,0.55,0.42,0.26,0.17
2017,May,NC,cdhp,140,0.60,0.50,0.33,0.20
2017,June,NC,cdhp,102,0.55,0.42,0.27,0.17
2017,July,NC,cdhp,102,0.54,0.40,0.23,0.15
2017,August,NC,cdhp,105,0.53,0.38,0.23,0.16
2017,September,NC,cdhp,78,0.47,0.35,0.17,0.11
2017,October,NC,cdhp,81,0.47,0.35,0.21,0.12
2017,November,NC,cdhp,82,0.46,0.32,0.19,0.11
2017,December,NC,cdhp,79,0.41,0.31,0.18,0.11
2017,January,NC,All,92,0.67,0.48,0.20,0.09
2017,February,NC,All,83,0.67,0.45,0.17,0.07
2017,March,NC,All,81,0.64,0.44,0.18,0.07
2017,April,NC,All,61,0.62,0.34,0.11,0.04
2017,May,NC,All,67,0.63,0.35,0.14,0.05
2017,June,NC,All,59,0.62,0.35,0.13,0.05
2017,July,NC,All,58,0.60,0.32,0.12,0.05
2017,August,NC,All,59,0.60,0.31,0.12,0.04
2017,September,NC,All,51,0.57,0.30,0.09,0.03
2017,October,NC,All,55,0.57,0.31,0.12,0.04
2017,November,NC,All,50,0.56,0.28,0.10,0.03
2017,December,NC,All,50,0.54,0.29,0.10,0.03
2017,Annual,NC,All,343,0.61,0.35,0.13,0.05
2017,January,ND,All,179,0.73,0.59,0.33,0.18
2017,February,ND,All,154,0.72,0.53,0.30,0.19
2017,March,ND,All,97,0.68,0.52,0.27,0.12
2017,April,ND,All,107,0.65,0.47,0.26,0.11
2017,May,ND,All,57,0.55,0.41,0.19,0.04
2017,June,ND,All,60,0.56,0.39,0.17,0.07
2017,July,ND,All,51,0.55,0.39,0.12,0.03
2017,August,ND,All,53,0.48,0.37,0.16,0.05
2017,September,ND,All,43,0.47,0.34,0.13,0.03
2017,October,ND,All,54,0.44,0.29,0.14,0.06
2017,November,ND,All,31,0.42,0.26,0.09,0.00
2017,December,ND,All,43,0.41,0.32,0.11,0.04
2017,Annual,ND,All,432,0.55,0.40,0.19,0.07
2017,January,NE,non-cdhp,65,0.67,0.44,0.16,0.03
2017,February,NE,non-cdhp,63,0.67,0.41,0.14,0.04
2017,March,NE,non-cdhp,65,0.70,0.47,0.16,0.03
2017,April,NE,non-cdhp,52,0.64,0.32,0.12,0.02
2017,May,NE,non-cdhp,58,0.63,0.31,0.11,0.03
2017,June,NE,non-cdhp,53,0.63,0.34,0.13,0.02
2017,July,NE,non-cdhp,52,0.58,0.31,0.11,0.03
2017,August,NE,non-cdhp,49,0.60,0.31,0.12,0.02
2017,September,NE,non-cdhp,45,0.57,0.28,0.10,0.01
2017,October,NE,non-cdhp,45,0.56,0.29,0.10,0.03
2017,November,NE,non-cdhp,39,0.51,0.27,0.08,0.01
2017,December,NE,non-cdhp,38,0.54,0.26,0.08,0.01
2017,January,NE,cdhp,277,0.68,0.64,0.57,0.49
2017,February,NE,cdhp,316,0.71,0.68,0.59,0.52
2017,March,NE,cdhp,299,0.67,0.64,0.58,0.47
2017,April,NE,cdhp,197,0.66,0.61,0.50,0.36
2017,May,NE,cdhp,161,0.58,0.51,0.39,0.26
2017,June,NE,cdhp,135,0.53,0.45,0.33,0.25
2017,July,NE,cdhp,91,0.47,0.38,0.28,0.17
2017,August,NE,cdhp,91,0.45,0.41,0.28,0.15
2017,September,NE,cdhp,75,0.43,0.38,0.26,0.12
2017,October,NE,cdhp,54,0.36,0.31,0.18,0.09
2017,November,NE,cdhp,60,0.37,0.31,0.19,0.10
2017,December,NE,cdhp,42,0.27,0.23,0.15,0.06
2017,January,NE,All,121,0.67,0.49,0.27,0.15
2017,February,NE,All,138,0.68,0.49,0.27,0.18
2017,March,NE,All,135,0.69,0.52,0.28,0.16
2017,April,NE,All,92,0.65,0.40,0.22,0.12
2017,May,NE,All,89,0.62,0.37,0.20,0.10
2017,June,NE,All,78,0.60,0.38,0.19,0.09
2017,July,NE,All,63,0.55,0.33,0.16,0.07
2017,August,NE,All,62,0.55,0.34,0.17,0.06
2017,September,NE,All,54,0.53,0.31,0.15,0.04
2017,October,NE,All,48,0.50,0.29,0.13,0.05
2017,November,NE,All,46,0.47,0.28,0.12,0.04
2017,December,NE,All,39,0.45,0.25,0.10,0.03
2017,Annual,NE,All,477,0.58,0.37,0.19,0.09
2017,January,NH,non-cdhp,57,0.70,0.44,0.16,0.00
2017,February,NH,non-cdhp,58,0.67,0.42,0.17,0.04
2017,March,NH,non-cdhp,63,0.74,0.45,0.20,0.02
2017,April,NH,non-cdhp,52,0.66,0.37,0.14,0.02
2017,May,NH,non-cdhp,51,0.60,0.40,0.12,0.02
2017,June,NH,non-cdhp,51,0.67,0.35,0.13,0.02
2017,July,NH,non-cdhp,61,0.64,0.44,0.17,0.03
2017,August,NH,non-cdhp,48,0.57,0.32,0.10,0.04
2017,September,NH,non-cdhp,43,0.56,0.34,0.09,0.01
2017,October,NH,non-cdhp,46,0.48,0.28,0.14,0.04
2017,November,NH,non-cdhp,44,0.53,0.28,0.11,0.03
2017,December,NH,non-cdhp,38,0.44,0.31,0.10,0.01
2017,January,NH,All,72,0.70,0.47,0.20,0.03
2017,February,NH,All,79,0.68,0.45,0.18,0.06
2017,March,NH,All,84,0.75,0.49,0.26,0.06
2017,April,NH,All,72,0.68,0.44,0.20,0.05
2017,May,NH,All,58,0.62,0.39,0.14,0.04
2017,June,NH,All,60,0.65,0.36,0.15,0.04
2017,July,NH,All,69,0.62,0.44,0.18,0.06
2017,August,NH,All,52,0.53,0.30,0.12,0.04
2017,September,NH,All,47,0.52,0.32,0.11,0.02
2017,October,NH,All,43,0.47,0.28,0.13,0.04
2017,November,NH,All,41,0.49,0.26,0.10,0.03
2017,December,NH,All,35,0.43,0.28,0.09,0.01
2017,Annual,NH,All,320,0.59,0.37,0.15,0.04
2017,January,NJ,non-cdhp,74,0.77,0.50,0.21,0.05
2017,February,NJ,non-cdhp,70,0.77,0.49,0.19,0.04
2017,March,NJ,non-cdhp,70,0.75,0.47,0.19,0.04
2017,April,NJ,non-cdhp,64,0.74,0.43,0.16,0.03
2017,May,NJ,non-cdhp,61,0.70,0.43,0.16,0.02
2017,June,NJ,non-cdhp,60,0.71,0.44,0.15,0.02
2017,July,NJ,non-cdhp,56,0.68,0.41,0.14,0.02
2017,August,NJ,non-cdhp,55,0.64,0.40,0.13,0.02
2017,September,NJ,non-cdhp,50,0.63,0.37,0.11,0.01
2017,October,NJ,non-cdhp,49,0.61,0.37,0.11,0.02
2017,November,NJ,non-cdhp,47,0.58,0.35,0.11,0.02
2017,December,NJ,non-cdhp,45,0.55,0.34,0.11,0.01
2017,January,NJ,cdhp,296,0.74,0.63,0.49,0.40
2017,February,NJ,cdhp,289,0.74,0.62,0.49,0.41
2017,March,NJ,cdhp,222,0.76,0.59,0.43,0.31
2017,April,NJ,cdhp,168,0.69,0.53,0.36,0.25
2017,May,NJ,cdhp,137,0.66,0.50,0.32,0.19
2017,June,NJ,cdhp,136,0.64,0.52,0.33,0.19
2017,July,NJ,cdhp,120,0.62,0.44,0.26,0.14
2017,August,NJ,cdhp,113,0.56,0.44,0.26,0.16
2017,September,NJ,cdhp,99,0.53,0.39,0.25,0.14
2017,October,NJ,cdhp,92,0.49,0.37,0.21,0.12
2017,November,NJ,cdhp,75,0.49,0.33,0.20,0.11
2017,December,NJ,cdhp,77,0.44,0.32,0.18,0.10
2017,January,NJ,All,113,0.77,0.52,0.26,0.11
2017,February,NJ,All,115,0.76,0.51,0.25,0.12
2017,March,NJ,All,99,0.75,0.49,0.23,0.09
2017,April,NJ,All,84,0.73,0.45,0.19,0.07
2017,May,NJ,All,77,0.69,0.45,0.19,0.06
2017,June,NJ,All,74,0.70,0.46,0.18,0.05
2017,July,NJ,All,69,0.67,0.42,0.17,0.05
2017,August,NJ,All,67,0.62,0.40,0.16,0.05
2017,September,NJ,All,60,0.61,0.38,0.14,0.04
2017,October,NJ,All,58,0.58,0.37,0.13,0.04
2017,November,NJ,All,53,0.56,0.35,0.13,0.04
2017,December,NJ,All,52,0.53,0.33,0.13,0.03
2017,Annual,NJ,All,373,0.66,0.43,0.18,0.06
2017,January,NM,non-cdhp,58,0.63,0.35,0.15,0.04
2017,February,NM,non-cdhp,55,0.63,0.37,0.11,0.03
2017,March,NM,non-cdhp,61,0.62,0.36,0.15,0.03
2017,April,NM,non-cdhp,45,0.62,0.24,0.05,0.02
2017,May,NM,non-cdhp,53,0.60,0.27,0.08,0.03
2017,June,NM,non-cdhp,46,0.57,0.26,0.08,0.03
2017,July,NM,non-cdhp,45,0.58,0.22,0.05,0.01
2017,August,NM,non-cdhp,42,0.58,0.23,0.05,0.01
2017,September,NM,non-cdhp,43,0.52,0.21,0.06,0.03
2017,October,NM,non-cdhp,36,0.52,0.17,0.04,0.01
2017,November,NM,non-cdhp,39,0.49,0.21,0.07,0.02
2017,December,NM,non-cdhp,41,0.50,0.20,0.05,0.02
2017,January,NM,All,100,0.65,0.39,0.20,0.09
2017,February,NM,All,67,0.64,0.39,0.14,0.06
2017,March,NM,All,81,0.62,0.37,0.18,0.06
2017,April,NM,All,61,0.61,0.26,0.10,0.05
2017,May,NM,All,60,0.60,0.30,0.12,0.06
2017,June,NM,All,58,0.57,0.30,0.12,0.06
2017,July,NM,All,56,0.58,0.27,0.09,0.04
2017,August,NM,All,49,0.57,0.25,0.10,0.04
2017,September,NM,All,48,0.52,0.25,0.09,0.04
2017,October,NM,All,47,0.49,0.20,0.07,0.04
2017,November,NM,All,40,0.47,0.22,0.08,0.02
2017,December,NM,All,44,0.47,0.21,0.08,0.04
2017,Annual,NM,All,310,0.56,0.28,0.11,0.05
2017,January,NV,non-cdhp,64,0.72,0.42,0.17,0.04
2017,February,NV,non-cdhp,64,0.74,0.38,0.15,0.03
2017,March,NV,non-cdhp,56,0.69,0.36,0.13,0.03
2017,April,NV,non-cdhp,52,0.69,0.33,0.09,0.02
2017,May,NV,non-cdhp,47,0.68,0.28,0.07,0.01
2017,June,NV,non-cdhp,47,0.68,0.26,0.09,0.01
2017,July,NV,non-cdhp,50,0.69,0.30,0.08,0.02
2017,August,NV,non-cdhp,45,0.64,0.27,0.07,0.02
2017,September,NV,non-cdhp,46,0.68,0.27,0.08,0.01
2017,October,NV,non-cdhp,45,0.62,0.28,0.08,0.02
2017,November,NV,non-cdhp,44,0.63,0.28,0.08,0.02
2017,December,NV,non-cdhp,41,0.59,0.24,0.08,0.01
2017,January,NV,All,80,0.71,0.43,0.20,0.07
2017,February,NV,All,78,0.72,0.39,0.18,0.06
2017,March,NV,All,77,0.70,0.39,0.17,0.07
2017,April,NV,All,68,0.67,0.35,0.13,0.05
2017,May,NV,All,64,0.66,0.32,0.12,0.04
2017,June,NV,All,61,0.67,0.31,0.14,0.05
2017,July,NV,All,55,0.65,0.31,0.11,0.05
2017,August,NV,All,51,0.61,0.28,0.10,0.04
2017,September,NV,All,50,0.65,0.29,0.11,0.03
2017,October,NV,All,54,0.60,0.31,0.12,0.05
2017,November,NV,All,46,0.58,0.28,0.11,0.03
2017,December,NV,All,43,0.55,0.25,0.09,0.03
2017,Annual,NV,All,309,0.65,0.33,0.13,0.05
2017,January,NY,non-cdhp,65,0.69,0.43,0.20,0.03
2017,February,NY,non-cdhp,56,0.67,0.36,0.13,0.03
2017,March,NY,non-cdhp,52,0.66,0.35,0.11,0.02
2017,April,NY,non-cdhp,48,0.63,0.32,0.10,0.01
2017,May,NY,non-cdhp,46,0.63,0.31,0.09,0.01
2017,June,NY,non-cdhp,45,0.61,0.32,0.09,0.01
2017,July,NY,non-cdhp,44,0.61,0.30,0.08,0.01
2017,August,NY,non-cdhp,42,0.60,0.30,0.08,0.01
2017,September,NY,non-cdhp,41,0.57,0.28,0.08,0.01
2017,October,NY,non-cdhp,39,0.56,0.26,0.07,0.01
2017,November,NY,non-cdhp,38,0.54,0.26,0.07,0.01
2017,December,NY,non-cdhp,37,0.53,0.25,0.07,0.01
2017,January,NY,cdhp,277,0.70,0.59,0.47,0.38
2017,February,NY,cdhp,245,0.69,0.57,0.41,0.35
2017,March,NY,cdhp,173,0.63,0.48,0.33,0.25
2017,April,NY,cdhp,139,0.60,0.45,0.29,0.19
2017,May,NY,cdhp,118,0.56,0.42,0.29,0.19
2017,June,NY,cdhp,101,0.56,0.38,0.22,0.12
2017,July,NY,cdhp,80,0.50,0.35,0.19,0.11
2017,August,NY,cdhp,72,0.50,0.33,0.18,0.09
2017,September,NY,cdhp,54,0.43,0.28,0.14,0.06
2017,October,NY,cdhp,51,0.42,0.27,0.13,0.05
2017,November,NY,cdhp,51,0.41,0.26,0.14,0.06
2017,December,NY,cdhp,57,0.38,0.24,0.13,0.07
2017,January,NY,All,95,0.69,0.45,0.24,0.08
2017,February,NY,All,82,0.67,0.39,0.17,0.07
2017,March,NY,All,70,0.66,0.37,0.14,0.05
2017,April,NY,All,61,0.63,0.34,0.12,0.04
2017,May,NY,All,56,0.62,0.32,0.12,0.04
2017,June,NY,All,53,0.61,0.33,0.11,0.03
2017,July,NY,All,50,0.59,0.30,0.10,0.03
2017,August,NY,All,47,0.58,0.31,0.09,0.02
2017,September,NY,All,43,0.55,0.28,0.09,0.02
2017,October,NY,All,41,0.54,0.26,0.08,0.02
2017,November,NY,All,40,0.52,0.26,0.08,0.02
2017,December,NY,All,41,0.50,0.25,0.08,0.02
2017,Annual,NY,All,301,0.60,0.32,0.12,0.04
2017,January,OH,non-cdhp,79,0.68,0.45,0.19,0.05
2017,February,OH,non-cdhp,77,0.67,0.45,0.18,0.06
2017,March,OH,non-cdhp,76,0.66,0.43,0.18,0.06
2017,April,OH,non-cdhp,62,0.63,0.34,0.13,0.04
2017,May,OH,non-cdhp,60,0.62,0.34,0.14,0.04
2017,June,OH,non-cdhp,57,0.59,0.32,0.13,0.04
2017,July,OH,non-cdhp,58,0.59,0.31,0.12,0.04
2017,August,OH,non-cdhp,57,0.55,0.31,0.13,0.05
2017,September,OH,non-cdhp,49,0.54,0.28,0.11,0.03
2017,October,OH,non-cdhp,47,0.52,0.27,0.11,0.03
2017,November,OH,non-cdhp,43,0.50,0.27,0.10,0.02
2017,December,OH,non-cdhp,43,0.48,0.25,0.10,0.02
2017,January,OH,cdhp,321,0.76,0.67,0.53,0.46
2017,February,OH,cdhp,267,0.73,0.63,0.49,0.40
2017,March,OH,cdhp,228,0.69,0.58,0.43,0.34
2017,April,OH,cdhp,144,0.58,0.43,0.32,0.23
2017,May,OH,cdhp,129,0.56,0.41,0.28,0.19
2017,June,OH,cdhp,114,0.51,0.38,0.25,0.16
2017,July,OH,cdhp,93,0.47,0.33,0.22,0.14
2017,August,OH,cdhp,81,0.44,0.30,0.19,0.11
2017,September,OH,cdhp,71,0.42,0.27,0.18,0.09
2017,October,OH,cdhp,65,0.38,0.25,0.15,0.08
2017,November,OH,cdhp,58,0.37,0.25,0.15,0.07
2017,December,OH,cdhp,49,0.35,0.23,0.13,0.07
2017,January,OH,All,136,0.70,0.50,0.27,0.15
2017,February,OH,All,124,0.69,0.50,0.26,0.14
2017,March,OH,All,114,0.67,0.47,0.24,0.13
2017,April,OH,All,83,0.62,0.36,0.18,0.09
2017,May,OH,All,77,0.61,0.36,0.17,0.08
2017,June,OH,All,71,0.57,0.33,0.16,0.07
2017,July,OH,All,67,0.56,0.31,0.14,0.06
2017,August,OH,All,63,0.52,0.31,0.14,0.06
2017,September,OH,All,55,0.51,0.28,0.13,0.05
2017,October,OH,All,51,0.48,0.27,0.12,0.04
2017,November,OH,All,47,0.47,0.26,0.11,0.03
2017,December,OH,All,44,0.44,0.25,0.11,0.03
2017,Annual,OH,All,425,0.57,0.35,0.17,0.08
2017,January,OK,non-cdhp,60,0.73,0.43,0.13,0.02
2017,February,OK,non-cdhp,60,0.73,0.42,0.10,0.02
2017,March,OK,non-cdhp,59,0.70,0.41,0.11,0.03
2017,April,OK,non-cdhp,55,0.74,0.32,0.09,0.02
2017,May,OK,non-cdhp,52,0.73,0.31,0.09,0.02
2017,June,OK,non-cdhp,47,0.68,0.29,0.06,0.02
2017,July,OK,non-cdhp,46,0.67,0.29,0.07,0.01
2017,August,OK,non-cdhp,44,0.63,0.27,0.07,0.01
2017,September,OK,non-cdhp,45,0.63,0.27,0.07,0.02
2017,October,OK,non-cdhp,44,0.61,0.28,0.08,0.01
2017,November,OK,non-cdhp,40,0.61,0.25,0.06,0.01
2017,December,OK,non-cdhp,39,0.58,0.25,0.06,0.01
2017,January,OK,cdhp,195,0.65,0.53,0.39,0.27
2017,February,OK,cdhp,139,0.59,0.45,0.30,0.20
2017,March,OK,cdhp,155,0.65,0.53,0.34,0.22
2017,April,OK,cdhp,100,0.59,0.39,0.28,0.18
2017,May,OK,cdhp,81,0.57,0.38,0.25,0.11
2017,June,OK,cdhp,83,0.52,0.36,0.24,0.13
2017,July,OK,cdhp,59,0.47,0.30,0.16,0.07
2017,August,OK,cdhp,68,0.51,0.32,0.18,0.09
2017,September,OK,cdhp,65,0.43,0.29,0.18,0.08
2017,October,OK,cdhp,79,0.45,0.30,0.18,0.11
2017,November,OK,cdhp,69,0.39,0.27,0.18,0.10
2017,December,OK,cdhp,45,0.36,0.24,0.13,0.04
2017,January,OK,All,79,0.72,0.45,0.17,0.05
2017,February,OK,All,72,0.71,0.42,0.13,0.05
2017,March,OK,All,74,0.70,0.43,0.14,0.06
2017,April,OK,All,62,0.72,0.33,0.11,0.04
2017,May,OK,All,56,0.70,0.32,0.11,0.03
2017,June,OK,All,52,0.65,0.31,0.09,0.03
2017,July,OK,All,48,0.64,0.30,0.09,0.02
2017,August,OK,All,48,0.61,0.28,0.09,0.02
2017,September,OK,All,48,0.60,0.27,0.08,0.03
2017,October,OK,All,49,0.59,0.28,0.10,0.03
2017,November,OK,All,44,0.58,0.25,0.07,0.02
2017,December,OK,All,40,0.55,0.24,0.07,0.01
2017,Annual,OK,All,306,0.64,0.32,0.10,0.03
2017,January,OR,non-cdhp,80,0.76,0.52,0.21,0.06
2017,February,OR,non-cdhp,75,0.75,0.49,0.18,0.05
2017,March,OR,non-cdhp,78,0.73,0.50,0.21,0.06
2017,April,OR,non-cdhp,57,0.62,0.33,0.15,0.04
2017,May,OR,non-cdhp,58,0.61,0.34,0.14,0.04
2017,June,OR,non-cdhp,60,0.61,0.35,0.14,0.04
2017,July,OR,non-cdhp,49,0.59,0.31,0.11,0.02
2017,August,OR,non-cdhp,52,0.58,0.33,0.11,0.04
2017,September,OR,non-cdhp,45,0.54,0.30,0.08,0.02
2017,October,OR,non-cdhp,48,0.55,0.28,0.11,0.02
2017,November,OR,non-cdhp,43,0.48,0.25,0.11,0.03
2017,December,OR,non-cdhp,42,0.48,0.26,0.09,0.02
2017,January,OR,All,102,0.73,0.53,0.25,0.10
2017,February,OR,All,88,0.72,0.49,0.21,0.08
2017,March,OR,All,94,0.71,0.50,0.24,0.09
2017,April,OR,All,70,0.62,0.36,0.17,0.06
2017,May,OR,All,70,0.60,0.36,0.17,0.06
2017,June,OR,All,67,0.61,0.38,0.17,0.06
2017,July,OR,All,58,0.58,0.34,0.14,0.04
2017,August,OR,All,54,0.56,0.33,0.12,0.05
2017,September,OR,All,52,0.52,0.31,0.11,0.04
2017,October,OR,All,56,0.54,0.30,0.14,0.04
2017,November,OR,All,46,0.48,0.26,0.13,0.04
2017,December,OR,All,42,0.47,0.27,0.11,0.02
2017,Annual,OR,All,340,0.59,0.37,0.16,0.06
2017,January,PA,non-cdhp,72,0.78,0.47,0.18,0.04
2017,February,PA,non-cdhp,67,0.77,0.45,0.15,0.03
2017,March,PA,non-cdhp,67,0.75,0.45,0.16,0.03
2017,April,PA,non-cdhp,61,0.75,0.41,0.13,0.03
2017,May,PA,non-cdhp,60,0.73,0.40,0.13,0.03
2017,June,PA,non-cdhp,56,0.72,0.39,0.12,0.02
2017,July,PA,non-cdhp,62,0.72,0.41,0.14,0.03
2017,August,PA,non-cdhp,58,0.71,0.39,0.12,0.03
2017,September,PA,non-cdhp,55,0.70,0.37,0.11,0.02
2017,October,PA,non-cdhp,55,0.68,0.37,0.11,0.02
2017,November,PA,non-cdhp,56,0.66,0.37,0.12,0.02
2017,December,PA,non-cdhp,53,0.65,0.36,0.11,0.02
2017,January,PA,cdhp,291,0.77,0.63,0.48,0.38
2017,February,PA,cdhp,220,0.75,0.58,0.42,0.34
2017,March,PA,cdhp,196,0.72,0.55,0.39,0.29
2017,April,PA,cdhp,152,0.68,0.50,0.31,0.21
2017,May,PA,cdhp,138,0.66,0.47,0.29,0.19
2017,June,PA,cdhp,114,0.63,0.44,0.26,0.15
2017,July,PA,cdhp,132,0.64,0.45,0.28,0.17
2017,August,PA,cdhp,105,0.59,0.42,0.23,0.13
2017,September,PA,cdhp,105,0.59,0.42,0.24,0.14
2017,October,PA,cdhp,97,0.56,0.37,0.20,0.11
2017,November,PA,cdhp,89,0.52,0.34,0.18,0.10
2017,December,PA,cdhp,89,0.51,0.34,0.19,0.10
2017,January,PA,All,124,0.78,0.51,0.25,0.12
2017,February,PA,All,105,0.76,0.48,0.22,0.11
2017,March,PA,All,99,0.74,0.48,0.22,0.10
2017,April,PA,All,85,0.73,0.43,0.18,0.08
2017,May,PA,All,80,0.71,0.41,0.17,0.07
2017,June,PA,All,71,0.70,0.41,0.15,0.05
2017,July,PA,All,80,0.70,0.42,0.18,0.06
2017,August,PA,All,70,0.68,0.40,0.15,0.06
2017,September,PA,All,68,0.67,0.38,0.14,0.05
2017,October,PA,All,66,0.65,0.37,0.13,0.04
2017,November,PA,All,64,0.62,0.37,0.14,0.04
2017,December,PA,All,63,0.61,0.35,0.13,0.04
2017,Annual,PA,All,423,0.70,0.42,0.17,0.07
2017,January,RI,non-cdhp,48,0.65,0.36,0.08,0.01
2017,February,RI,non-cdhp,51,0.62,0.37,0.11,0.02
2017,March,RI,non-cdhp,56,0.67,0.44,0.14,0.01
2017,April,RI,non-cdhp,35,0.53,0.19,0.05,0.00
2017,May,RI,non-cdhp,38,0.56,0.20,0.06,0.01
2017,June,RI,non-cdhp,32,0.46,0.18,0.03,0.00
2017,July,RI,non-cdhp,31,0.51,0.17,0.02,0.00
2017,August,RI,non-cdhp,38,0.49,0.24,0.05,0.01
2017,September,RI,non-cdhp,28,0.45,0.13,0.02,0.00
2017,October,RI,non-cdhp,37,0.40,0.16,0.05,0.01
2017,November,RI,non-cdhp,40,0.47,0.18,0.05,0.02
2017,December,RI,non-cdhp,38,0.47,0.21,0.03,0.01
2017,January,RI,All,84,0.66,0.39,0.13,0.05
2017,February,RI,All,77,0.63,0.39,0.14,0.06
2017,March,RI,All,73,0.66,0.45,0.16,0.05
2017,April,RI,All,52,0.53,0.22,0.08,0.04
2017,May,RI,All,54,0.55,0.22,0.09,0.04
2017,June,RI,All,40,0.49,0.20,0.04,0.01
2017,July,RI,All,45,0.54,0.21,0.04,0.02
2017,August,RI,All,44,0.49,0.25,0.07,0.01
2017,September,RI,All,40,0.49,0.18,0.05,0.02
2017,October,RI,All,40,0.43,0.18,0.06,0.02
2017,November,RI,All,46,0.49,0.20,0.06,0.03
2017,December,RI,All,41,0.48,0.22,0.04,0.02
2017,Annual,RI,All,318,0.54,0.26,0.08,0.03
2017,January,SC,non-cdhp,68,0.65,0.45,0.16,0.04
2017,February,SC,non-cdhp,68,0.67,0.41,0.12,0.04
2017,March,SC,non-cdhp,64,0.65,0.41,0.14,0.03
2017,April,SC,non-cdhp,57,0.68,0.31,0.11,0.03
2017,May,SC,non-cdhp,54,0.64,0.32,0.12,0.03
2017,June,SC,non-cdhp,51,0.63,0.29,0.09,0.02
2017,July,SC,non-cdhp,51,0.62,0.28,0.09,0.03
2017,August,SC,non-cdhp,48,0.60,0.28,0.09,0.02
2017,September,SC,non-cdhp,46,0.61,0.30,0.10,0.01
2017,October,SC,non-cdhp,45,0.57,0.28,0.10,0.02
2017,November,SC,non-cdhp,44,0.58,0.28,0.08,0.02
2017,December,SC,non-cdhp,42,0.54,0.28,0.09,0.01
2017,January,SC,cdhp,235,0.61,0.50,0.42,0.33
2017,February,SC,cdhp,183,0.59,0.48,0.34,0.27
2017,March,SC,cdhp,163,0.54,0.44,0.35,0.24
2017,April,SC,cdhp,101,0.54,0.42,0.24,0.14
2017,May,SC,cdhp,121,0.53,0.39,0.27,0.16
2017,June,SC,cdhp,106,0.46,0.32,0.20,0.13
2017,July,SC,cdhp,71,0.43,0.31,0.20,0.10
2017,August,SC,cdhp,53,0.42,0.27,0.14,0.06
2017,September,SC,cdhp,49,0.40,0.29,0.16,0.04
2017,October,SC,cdhp,44,0.37,0.22,0.12,0.04
2017,November,SC,cdhp,58,0.35,0.24,0.09,0.07
2017,December,SC,cdhp,56,0.40,0.27,0.17,0.06
2017,January,SC,All,100,0.64,0.46,0.21,0.10
2017,February,SC,All,88,0.65,0.42,0.16,0.08
2017,March,SC,All,82,0.63,0.41,0.17,0.07
2017,April,SC,All,65,0.65,0.33,0.13,0.05
2017,May,SC,All,66,0.62,0.33,0.14,0.05
2017,June,SC,All,62,0.60,0.30,0.11,0.04
2017,July,SC,All,55,0.58,0.29,0.11,0.04
2017,August,SC,All,49,0.56,0.28,0.10,0.03
2017,September,SC,All,47,0.57,0.30,0.11,0.02
2017,October,SC,All,45,0.53,0.27,0.10,0.02
2017,November,SC,All,47,0.54,0.27,0.08,0.03
2017,December,SC,All,45,0.51,0.27,0.10,0.02
2017,Annual,SC,All,315,0.59,0.33,0.13,0.05
2017,January,TN,non-cdhp,71,0.69,0.47,0.18,0.05
2017,February,TN,non-cdhp,70,0.71,0.46,0.16,0.05
2017,March,TN,non-cdhp,65,0.69,0.45,0.15,0.04
2017,April,TN,non-cdhp,57,0.68,0.35,0.12,0.03
2017,May,TN,non-cdhp,59,0.68,0.37,0.13,0.03
2017,June,TN,non-cdhp,58,0.67,0.36,0.13,0.03
2017,July,TN,non-cdhp,51,0.63,0.33,0.11,0.02
2017,August,TN,non-cdhp,50,0.62,0.32,0.11,0.02
2017,September,TN,non-cdhp,50,0.61,0.31,0.11,0.02
2017,October,TN,non-cdhp,48,0.59,0.31,0.11,0.02
2017,November,TN,non-cdhp,47,0.59,0.30,0.10,0.02
2017,December,TN,non-cdhp,48,0.57,0.30,0.10,0.03
2017,January,TN,cdhp,262,0.65,0.57,0.43,0.36
2017,February,TN,cdhp,261,0.67,0.55,0.43,0.35
2017,March,TN,cdhp,165,0.60,0.51,0.34,0.25
2017,April,TN,cdhp,134,0.61,0.45,0.32,0.22
2017,May,TN,cdhp,120,0.56,0.45,0.30,0.19
2017,June,TN,cdhp,83,0.52,0.40,0.25,0.13
2017,July,TN,cdhp,72,0.50,0.35,0.20,0.11
2017,August,TN,cdhp,66,0.43,0.32,0.21,0.09
2017,September,TN,cdhp,71,0.44,0.31,0.17,0.08
2017,October,TN,cdhp,56,0.40,0.28,0.15,0.09
2017,November,TN,cdhp,54,0.42,0.31,0.17,0.06
2017,December,TN,cdhp,44,0.33,0.24,0.12,0.05
2017,January,TN,All,100,0.69,0.48,0.22,0.10
2017,February,TN,All,99,0.70,0.47,0.20,0.09
2017,March,TN,All,81,0.68,0.46,0.18,0.07
2017,April,TN,All,70,0.67,0.36,0.15,0.06
2017,May,TN,All,70,0.66,0.38,0.16,0.06
2017,June,TN,All,63,0.64,0.37,0.15,0.05
2017,July,TN,All,55,0.61,0.33,0.13,0.04
2017,August,TN,All,53,0.59,0.32,0.13,0.04
2017,September,TN,All,53,0.58,0.31,0.12,0.03
2017,October,TN,All,50,0.56,0.30,0.12,0.03
2017,November,TN,All,48,0.56,0.30,0.11,0.03
2017,December,TN,All,47,0.52,0.29,0.10,0.03
2017,Annual,TN,All,342,0.62,0.36,0.15,0.05
2017,January,TX,non-cdhp,69,0.76,0.46,0.18,0.04
2017,February,TX,non-cdhp,66,0.74,0.43,0.15,0.04
2017,March,TX,non-cdhp,64,0.72,0.43,0.16,0.03
2017,April,TX,non-cdhp,57,0.71,0.38,0.12,0.03
2017,May,TX,non-cdhp,57,0.69,0.38,0.13,0.03
2017,June,TX,non-cdhp,54,0.67,0.35,0.12,0.02
2017,July,TX,non-cdhp,52,0.66,0.34,0.11,0.02
2017,August,TX,non-cdhp,51,0.64,0.34,0.11,0.02
2017,September,TX,non-cdhp,50,0.63,0.33,0.11,0.02
2017,October,TX,non-cdhp,49,0.61,0.32,0.11,0.02
2017,November,TX,non-cdhp,47,0.59,0.30,0.10,0.02
2017,December,TX,non-cdhp,46,0.57,0.30,0.11,0.02
2017,January,TX,cdhp,216,0.68,0.55,0.41,0.31
2017,February,TX,cdhp,194,0.66,0.54,0.39,0.29
2017,March,TX,cdhp,167,0.65,0.52,0.38,0.26
2017,April,TX,cdhp,138,0.62,0.46,0.30,0.20
2017,May,TX,cdhp,118,0.61,0.46,0.30,0.18
2017,June,TX,cdhp,102,0.55,0.41,0.26,0.15
2017,July,TX,cdhp,92,0.54,0.40,0.23,0.12
2017,August,TX,cdhp,78,0.51,0.37,0.21,0.11
2017,September,TX,cdhp,76,0.48,0.35,0.18,0.09
2017,October,TX,cdhp,63,0.45,0.31,0.17,0.09
2017,November,TX,cdhp,62,0.43,0.30,0.18,0.08
2017,December,TX,cdhp,52,0.39,0.27,0.16,0.07
2017,January,TX,All,89,0.75,0.48,0.21,0.08
2017,February,TX,All,84,0.73,0.44,0.19,0.07
2017,March,TX,All,79,0.71,0.45,0.19,0.07
2017,April,TX,All,69,0.69,0.39,0.15,0.05
2017,May,TX,All,66,0.68,0.39,0.15,0.05
2017,June,TX,All,61,0.65,0.36,0.14,0.04
2017,July,TX,All,58,0.64,0.35,0.13,0.04
2017,August,TX,All,55,0.62,0.34,0.13,0.03
2017,September,TX,All,54,0.61,0.33,0.12,0.03
2017,October,TX,All,52,0.58,0.32,0.12,0.03
2017,November,TX,All,49,0.56,0.30,0.12,0.03
2017,December,TX,All,47,0.54,0.29,0.11,0.03
2017,Annual,TX,All,325,0.65,0.37,0.15,0.05
2017,January,UT,non-cdhp,87,0.73,0.47,0.21,0.08
2017,February,UT,non-cdhp,84,0.68,0.44,0.19,0.07
2017,March,UT,non-cdhp,75,0.71,0.45,0.20,0.08
2017,April,UT,non-cdhp,55,0.64,0.31,0.10,0.04
2017,May,UT,non-cdhp,52,0.61,0.30,0.12,0.03
2017,June,UT,non-cdhp,54,0.64,0.31,0.12,0.05
2017,July,UT,non-cdhp,46,0.58,0.28,0.09,0.03
2017,August,UT,non-cdhp,47,0.56,0.28,0.10,0.02
2017,September,UT,non-cdhp,47,0.56,0.27,0.09,0.03
2017,October,UT,non-cdhp,47,0.54,0.29,0.09,0.03
2017,November,UT,non-cdhp,43,0.52,0.25,0.09,0.02
2017,December,UT,non-cdhp,40,0.50,0.25,0.08,0.02
2017,January,UT,cdhp,291,0.72,0.64,0.50,0.39
2017,February,UT,cdhp,330,0.78,0.70,0.52,0.41
2017,March,UT,cdhp,224,0.68,0.58,0.45,0.31
2017,April,UT,cdhp,173,0.65,0.52,0.40,0.27
2017,May,UT,cdhp,159,0.64,0.52,0.37,0.26
2017,June,UT,cdhp,112,0.61,0.47,0.31,0.17
2017,July,UT,cdhp,111,0.56,0.44,0.29,0.17
2017,August,UT,cdhp,110,0.51,0.40,0.27,0.16
2017,September,UT,cdhp,87,0.49,0.37,0.24,0.15
2017,October,UT,cdhp,82,0.46,0.34,0.22,0.12
2017,November,UT,cdhp,66,0.42,0.28,0.20,0.09
2017,December,UT,cdhp,67,0.38,0.28,0.18,0.09
2017,January,UT,All,158,0.72,0.53,0.31,0.19
2017,February,UT,All,171,0.72,0.53,0.31,0.19
2017,March,UT,All,129,0.70,0.50,0.29,0.16
2017,April,UT,All,99,0.65,0.39,0.21,0.13
2017,May,UT,All,92,0.62,0.38,0.21,0.12
2017,June,UT,All,77,0.63,0.37,0.20,0.09
2017,July,UT,All,72,0.57,0.34,0.17,0.09
2017,August,UT,All,73,0.54,0.33,0.17,0.08
2017,September,UT,All,63,0.53,0.31,0.15,0.07
2017,October,UT,All,61,0.51,0.31,0.14,0.07
2017,November,UT,All,52,0.48,0.26,0.13,0.05
2017,December,UT,All,51,0.45,0.26,0.12,0.05
2017,Annual,UT,All,477,0.59,0.37,0.20,0.11
2017,January,VA,non-cdhp,75,0.78,0.50,0.19,0.05
2017,February,VA,non-cdhp,66,0.76,0.45,0.17,0.03
2017,March,VA,non-cdhp,72,0.77,0.47,0.18,0.04
2017,April,VA,non-cdhp,64,0.73,0.40,0.13,0.03
2017,May,VA,non-cdhp,62,0.71,0.39,0.13,0.03
2017,June,VA,non-cdhp,57,0.71,0.37,0.11,0.03
2017,July,VA,non-cdhp,57,0.70,0.38,0.12,0.02
2017,August,VA,non-cdhp,57,0.67,0.37,0.11,0.02
2017,September,VA,non-cdhp,56,0.66,0.34,0.13,0.02
2017,October,VA,non-cdhp,57,0.64,0.35,0.11,0.03
2017,November,VA,non-cdhp,58,0.65,0.33,0.10,0.03
2017,December,VA,non-cdhp,54,0.63,0.33,0.10,0.02
2017,January,VA,cdhp,266,0.62,0.54,0.45,0.37
2017,February,VA,cdhp,267,0.68,0.59,0.49,0.38
2017,March,VA,cdhp,199,0.65,0.52,0.38,0.27
2017,April,VA,cdhp,142,0.59,0.43,0.28,0.19
2017,May,VA,cdhp,133,0.55,0.43,0.29,0.19
2017,June,VA,cdhp,124,0.55,0.41,0.28,0.17
2017,July,VA,cdhp,110,0.54,0.39,0.25,0.13
2017,August,VA,cdhp,98,0.51,0.36,0.23,0.14
2017,September,VA,cdhp,93,0.51,0.38,0.22,0.11
2017,October,VA,cdhp,95,0.49,0.34,0.23,0.11
2017,November,VA,cdhp,72,0.46,0.31,0.18,0.10
2017,December,VA,cdhp,94,0.46,0.31,0.20,0.13
2017,January,VA,All,109,0.75,0.51,0.24,0.11
2017,February,VA,All,104,0.74,0.48,0.23,0.10
2017,March,VA,All,96,0.74,0.48,0.22,0.08
2017,April,VA,All,79,0.71,0.40,0.16,0.06
2017,May,VA,All,76,0.68,0.40,0.16,0.06
2017,June,VA,All,70,0.68,0.38,0.14,0.05
2017,July,VA,All,68,0.67,0.38,0.15,0.04
2017,August,VA,All,65,0.63,0.37,0.14,0.05
2017,September,VA,All,64,0.63,0.35,0.14,0.04
2017,October,VA,All,65,0.61,0.35,0.14,0.04
2017,November,VA,All,61,0.61,0.33,0.12,0.04
2017,December,VA,All,63,0.59,0.32,0.12,0.04
2017,Annual,VA,All,381,0.67,0.39,0.16,0.06
2017,January,WA,non-cdhp,67,0.74,0.45,0.16,0.04
2017,February,WA,non-cdhp,63,0.72,0.43,0.13,0.03
2017,March,WA,non-cdhp,64,0.73,0.44,0.16,0.03
2017,April,WA,non-cdhp,51,0.65,0.32,0.10,0.02
2017,May,WA,non-cdhp,51,0.67,0.34,0.09,0.02
2017,June,WA,non-cdhp,53,0.65,0.33,0.10,0.03
2017,July,WA,non-cdhp,48,0.63,0.31,0.09,0.02
2017,August,WA,non-cdhp,46,0.60,0.29,0.08,0.02
2017,September,WA,non-cdhp,44,0.58,0.27,0.08,0.02
2017,October,WA,non-cdhp,43,0.57,0.28,0.07,0.01
2017,November,WA,non-cdhp,43,0.55,0.27,0.08,0.01
2017,December,WA,non-cdhp,39,0.52,0.24,0.07,0.01
2017,January,WA,cdhp,227,0.73,0.57,0.36,0.24
2017,February,WA,cdhp,222,0.71,0.56,0.37,0.27
2017,March,WA,cdhp,153,0.70,0.49,0.32,0.21
2017,April,WA,cdhp,106,0.65,0.40,0.23,0.13
2017,May,WA,cdhp,105,0.60,0.41,0.24,0.13
2017,June,WA,cdhp,83,0.55,0.35,0.23,0.11
2017,July,WA,cdhp,75,0.52,0.35,0.20,0.11
2017,August,WA,cdhp,76,0.50,0.33,0.19,0.09
2017,September,WA,cdhp,59,0.44,0.28,0.16,0.08
2017,October,WA,cdhp,72,0.47,0.30,0.17,0.09
2017,November,WA,cdhp,71,0.45,0.32,0.17,0.07
2017,December,WA,cdhp,55,0.41,0.30,0.15,0.07
2017,January,WA,All,98,0.74,0.48,0.20,0.08
2017,February,WA,All,96,0.72,0.46,0.18,0.08
2017,March,WA,All,83,0.72,0.45,0.20,0.07
2017,April,WA,All,63,0.65,0.34,0.13,0.04
2017,May,WA,All,64,0.66,0.35,0.12,0.05
2017,June,WA,All,60,0.63,0.33,0.13,0.05
2017,July,WA,All,55,0.60,0.32,0.12,0.04
2017,August,WA,All,53,0.58,0.30,0.10,0.03
2017,September,WA,All,48,0.55,0.27,0.10,0.03
2017,October,WA,All,49,0.55,0.29,0.09,0.03
2017,November,WA,All,49,0.53,0.28,0.10,0.03
2017,December,WA,All,43,0.49,0.26,0.09,0.02
2017,Annual,WA,All,342,0.62,0.34,0.13,0.05
2017,January,WI,non-cdhp,114,0.72,0.52,0.28,0.14
2017,February,WI,non-cdhp,100,0.70,0.49,0.24,0.11
2017,March,WI,non-cdhp,100,0.68,0.49,0.24,0.10
2017,April,WI,non-cdhp,72,0.63,0.33,0.16,0.07
2017,May,WI,non-cdhp,75,0.64,0.36,0.17,0.07
2017,June,WI,non-cdhp,64,0.60,0.34,0.15,0.05
2017,July,WI,non-cdhp,66,0.58,0.32,0.15,0.06
2017,August,WI,non-cdhp,58,0.57,0.32,0.14,0.05
2017,September,WI,non-cdhp,56,0.54,0.29,0.12,0.04
2017,October,WI,non-cdhp,54,0.56,0.30,0.13,0.04
2017,November,WI,non-cdhp,50,0.52,0.28,0.12,0.03
2017,December,WI,non-cdhp,49,0.50,0.29,0.12,0.03
2017,January,WI,cdhp,354,0.78,0.70,0.56,0.47
2017,February,WI,cdhp,298,0.76,0.66,0.52,0.42
2017,March,WI,cdhp,252,0.72,0.62,0.47,0.37
2017,April,WI,cdhp,168,0.63,0.45,0.32,0.24
2017,May,WI,cdhp,139,0.59,0.41,0.28,0.20
2017,June,WI,cdhp,98,0.56,0.37,0.23,0.14
2017,July,WI,cdhp,85,0.50,0.31,0.20,0.12
2017,August,WI,cdhp,75,0.47,0.29,0.18,0.09
2017,September,WI,cdhp,66,0.46,0.28,0.16,0.08
2017,October,WI,cdhp,62,0.43,0.26,0.15,0.08
2017,November,WI,cdhp,55,0.42,0.24,0.14,0.06
2017,December,WI,cdhp,51,0.37,0.22,0.11,0.06
2017,January,WI,All,184,0.74,0.57,0.36,0.24
2017,February,WI,All,160,0.72,0.54,0.32,0.20
2017,March,WI,All,148,0.69,0.53,0.31,0.18
2017,April,WI,All,101,0.63,0.37,0.21,0.12
2017,May,WI,All,95,0.62,0.37,0.20,0.11
2017,June,WI,All,75,0.59,0.35,0.17,0.08
2017,July,WI,All,72,0.56,0.32,0.17,0.08
2017,August,WI,All,64,0.54,0.31,0.15,0.06
2017,September,WI,All,59,0.51,0.29,0.13,0.05
2017,October,WI,All,57,0.52,0.29,0.14,0.05
2017,November,WI,All,52,0.49,0.27,0.12,0.04
2017,December,WI,All,49,0.46,0.26,0.11,0.04
2017,Annual,WI,All,522,0.59,0.37,0.20,0.10
2017,January,WV,non-cdhp,98,0.79,0.48,0.23,0.11
2017,February,WV,non-cdhp,73,0.73,0.43,0.18,0.06
2017,March,WV,non-cdhp,84,0.73,0.46,0.20,0.08
2017,April,WV,non-cdhp,67,0.72,0.37,0.12,0.06
2017,May,WV,non-cdhp,60,0.65,0.32,0.11,0.04
2017,June,WV,non-cdhp,59,0.64,0.34,0.11,0.05
2017,July,WV,non-cdhp,75,0.63,0.31,0.12,0.05
2017,August,WV,non-cdhp,68,0.65,0.36,0.11,0.04
2017,September,WV,non-cdhp,57,0.57,0.27,0.12,0.04
2017,October,WV,non-cdhp,55,0.59,0.27,0.10,0.04
2017,November,WV,non-cdhp,43,0.52,0.26,0.10,0.04
2017,December,WV,non-cdhp,41,0.53,0.26,0.10,0.01
2017,January,WV,All,135,0.74,0.48,0.26,0.15
2017,February,WV,All,102,0.69,0.43,0.22,0.10
2017,March,WV,All,99,0.68,0.45,0.22,0.12
2017,April,WV,All,83,0.68,0.37,0.16,0.08
2017,May,WV,All,77,0.61,0.34,0.16,0.07
2017,June,WV,All,68,0.61,0.35,0.16,0.07
2017,July,WV,All,86,0.59,0.33,0.16,0.08
2017,August,WV,All,77,0.61,0.36,0.14,0.07
2017,September,WV,All,60,0.52,0.28,0.14,0.05
2017,October,WV,All,71,0.55,0.29,0.14,0.06
2017,November,WV,All,54,0.51,0.28,0.13,0.06
2017,December,WV,All,56,0.51,0.29,0.14,0.05
2017,Annual,WV,All,427,0.61,0.35,0.17,0.08
